time,price_stock,volume_stock,topic_1_impact_normalised,topic_2_impact_normalised,sentiment_impact,sentiment_impact_std
2022-03-02 15:20:00,78.7954,100,0.3528441525,0.1,-0.109581245,0.08707780888
2022-03-02 15:25:00,78.67,5325,2.406108637,0,-1.443665182,0
2022-03-02 15:30:00,78.67,106163,0.7806066263,1.219639003,-0.1784917302,0.5973914296
2022-03-02 15:35:00,78.66,32989,0.2334491512,1.267579792,-0.6766082418,1.144004154
2022-03-02 15:40:00,78.89,23493,0.2549606093,0.441715218,0.07177548448,0.1907373786
2022-03-02 15:45:00,78.97,17264,1.099434501,0.3222603702,-0.5094765798,0.2644201014
2022-03-02 15:50:00,78.99,21941,0.3338795279,0.4978177865,-0.1136018555,0.2205130967
2022-03-02 15:55:00,79.19,37966,0.1807204007,0.651072803,-0.1145371266,0.133095456
2022-03-02 16:00:00,79.44,33478,2.125219876,0,-0.7207528482,0.3131872419
2022-03-02 16:05:00,79.5226,37400,0.6276577985,0,-0.2430908201,0
2022-03-02 16:10:00,79.19,19450,0.6725809644,0.4255016456,-0.2477224805,0.3910074554
2022-03-02 16:15:00,79.295,21157,0.6783770376,0.8244565301,-0.4021785809,0.3325984039
2022-03-02 16:20:00,79.36,29995,1.280566306,0.9420137864,-0.528305656,0.9049518362
2022-03-02 16:25:00,79.63,75499,0.8305631758,1.045714762,-0.5183020622,0.7720353224
2022-03-02 16:30:00,79.79,25305,1.416372669,0.1547445118,-0.530136105,0.9766654638
2022-03-02 16:35:00,79.94,117027,1.105595286,0.4681387386,-0.3348452217,0.471378353
2022-03-02 16:40:00,80.0387,24474,0.8579951147,1.033851234,-0.4441142981,0.6787872318
2022-03-02 16:45:00,80.14,29952,1.560279612,0,-0.4722078577,0.3648168709
2022-03-02 16:50:00,80.24,27719,1.375411811,0.7852186273,-0.2631199246,0.702745638
2022-03-02 16:55:00,79.9943,39826,1.271116608,0.4832945508,-0.1815824538,0.7324407877
2022-03-02 17:00:00,80.08,29875,0,1.280741991,-0.5800257317,0.5040499581
2022-03-02 17:05:00,80.21,25061,1.244544466,0.7794682393,-0.8910465215,0.5014514024
2022-03-02 17:10:00,80.17,30028,1.176193838,0.7201025182,-0.9329551835,1.074883369
2022-03-02 17:15:00,80.17,34470,0.1084384374,0.9858809086,0.06384550104,0.1832777725
2022-03-02 17:20:00,79.989,17631,1.468556276,0,-1.313612181,1.347476124
2022-03-02 17:25:00,79.92,27876,0.554897079,1.500108298,-0.1813913204,0.4156710806
2022-03-02 17:30:00,80.068,30043,0,1.45861398,-0.5914008878,1.3603101
2022-03-02 17:35:00,80.32,27397,0.9105272539,0.6177316097,-0.1337929941,0.5481709228
2022-03-02 17:40:00,80.32,19073,1.280235826,0.1182512736,-0.5422678601,0.2699845463
2022-03-02 17:45:00,80.16,15013,1.419034269,0.0940601613,-0.5819732105,0.1691681518
2022-03-02 17:50:00,80.14,12133,1.26179339,0.2373728824,-0.5659627531,0.1941560723
2022-03-02 17:55:00,80.11,19141,1.424974451,0.01949739278,-0.6057988577,0.1740293132
2022-03-02 18:00:00,80.21,10968,1.407350619,0.06046872752,-0.591744397,0.2861674941
2022-03-02 18:05:00,80.19,17894,1.512400923,0,-0.6238653809,0
2022-03-02 18:10:00,80.18,26570,0.9735077686,0.1271315882,-0.3958319406,0.2885788623
2022-03-02 18:15:00,80.06,12012,1.444071719,0.1280401876,-0.5714009852,0.2368447999
2022-03-02 18:20:00,80.07,12006,1.483458431,0.07691896835,-0.6023853393,0.29850633
2022-03-02 18:25:00,80.0343,15600,1.33316537,0.1026086153,-0.5006232811,0.2982162112
2022-03-02 18:30:00,80.19,19466,1.463667246,0,-0.5753154518,0.1675226742
2022-03-02 18:35:00,80.2,18151,1.422505618,0,-0.5703195699,0.1738280604
2022-03-02 18:40:00,80.21,11407,1.058049345,0.4875565382,-0.5262720474,0.1501473123
2022-03-02 18:45:00,80.15,11887,1.429450488,0.009523809524,-0.5701985935,0.1769206106
2022-03-02 18:50:00,80.15,17107,1.543919943,0,-0.6770106043,0.2058305653
2022-03-02 18:55:00,80.15,32391,1.221607572,0.3225873239,-0.6690905983,0.120426263
2022-03-02 19:00:00,80.25,12652,1.000372464,0.5135579785,-0.2864353711,0.2455662547
2022-03-02 19:05:00,80.18,34416,1.503340067,0.5314514125,-0.7621500947,0.362316051
2022-03-02 19:10:00,80.25,38722,0.7847415533,0.6507398821,-0.4457851645,0.6149698284
2022-03-02 19:15:00,80.14,24107,0.868063328,0.1304156175,-0.2925023021,0.3880081433
2022-03-02 19:20:00,80.14,69798,1.463538336,0,-0.03782307108,0.1590929999
2022-03-02 19:25:00,80.18,28809,1.095982989,0.5767445986,-0.1200304546,0.6625602114
2022-03-02 19:30:00,80.33,31873,1.062397118,0.265063483,-0.2561663145,0.1575718056
2022-03-02 19:35:00,80.33,18816,1.110653057,0.1443824514,-0.5668981028,0.4909481984
2022-03-02 19:40:00,80.28,15066,0.488272414,0.7761913317,-0.1874365823,0.5338694952
2022-03-02 19:45:00,80.04,20138,2.489088932,0,-1.026696803,0
2022-03-02 19:50:00,80.13,13816,0.6629367441,1.124070704,-0.627395371,0.9603193922
2022-03-02 19:55:00,80.1,13907,0.8963629774,0.2722199438,-0.1606699997,0.2782886027
2022-03-02 20:00:00,80.265,10974,1.002896521,0.5297710897,-0.08454483947,0.6686520957
2022-03-02 20:05:00,80.3,23485,2.167999612,0,-0.4152827789,0.2438890131
2022-03-02 20:10:00,80.35,18848,0.2770153831,0.868439214,-0.4622949144,0.7849901048
2022-03-02 20:15:00,80.32,16699,0,1.8432411,-0.7823403567,0
2022-03-02 20:20:00,80.21,19925,0.1686482201,1.638300007,-0.4016676745,0.4562990041
2022-03-02 20:25:00,80.2,13585,1.881790807,0,-0.5663612471,0.3006505657
2022-03-02 20:30:00,80.2,17037,1.144632836,0.2466332709,-0.4264726036,0.4112698567
2022-03-02 20:35:00,80.18,13789,1.130549331,0.7108102751,-0.5470612682,0.231570633
2022-03-02 20:40:00,80.27,13095,1.160388435,0,-0.2458876993,0.2631321292
2022-03-02 20:45:00,80.28,17182,0.9571340488,0.3679805531,-0.3800391672,0.3696070285
2022-03-02 20:50:00,80.23,18433,0.8354515976,1.237020021,-1.225280727,0.883534142
2022-03-02 20:55:00,80.08,32336,1.244544466,0.1189207115,-0.6121972753,0.7084603754
2022-03-02 21:00:00,80.12,27599,0.5666497041,0.8944153798,-0.2332157304,0.5187000835
2022-03-02 21:05:00,80.235,36478,1.507804284,0,-0.385021626,0.7099567421
2022-03-02 21:10:00,80.23,26160,0.2213363839,0.3667918217,-0.0819719839,0.3076088226
2022-03-02 21:15:00,80.23,31129,0,0,0,0
2022-03-02 21:20:00,80.21,71445,0,0,0,0
2022-03-02 21:25:00,80.28,72493,0,1.667461132,-0.3141448912,0.6084738665
2022-03-02 21:30:00,80.43,40119,1.119835775,0,-0.5749962814,0.6022975782
2022-03-02 21:35:00,80.31,47360,0,1.926910311,-0.07200594249,0.4282308901
2022-03-02 21:40:00,80.24,37148,0.6638306788,0,-0.1437235579,0.2489365045
2022-03-02 21:45:00,80.305,58304,1.463731404,0.7338723662,-0.1710088725,1.757069007
2022-03-02 21:50:00,80.46,83484,0.9275083683,0,-0.2593983736,0.3645855456
2022-03-02 21:55:00,80.41,166746,1.005970973,1.100186782,-0.920481404,0.5757271045
2022-03-02 22:00:00,80.28,19105,0,0,0,0
2022-03-03 15:20:00,81.0392,104,0,2.372241944,-0.1793246352,0
2022-03-03 15:25:00,81.13,1600,0.9984556644,0.3950637352,-0.5267610711,0.7390289482
2022-03-03 15:30:00,81.63,157306,1.049723419,0.7145783132,-0.1131925836,0.4773049834
2022-03-03 15:35:00,80.78,37929,0.9791847791,0.4497790115,-0.4200152594,0.4316193674
2022-03-03 15:40:00,80.68,33029,1.109140407,0.2536040768,-0.5022596803,1.054043499
2022-03-03 15:45:00,81.04,54666,0.6616296369,0.7992020568,-0.09701257595,0.4892912306
2022-03-03 15:50:00,81.07,23630,1.502663294,0.2786648996,-0.637431323,0.7261429459
2022-03-03 15:55:00,80.81,29744,0.7121034177,1.074962836,-0.008772018258,0.2655564714
2022-03-03 16:00:00,80.92,66500,0.7571040267,0.05,-0.1552484581,0.1580744802
2022-03-03 16:05:00,81.05,57317,0.9881786866,0.3392151115,-0.06770063299,0.4608097312
2022-03-03 16:10:00,81.38,36497,0.6184711127,0.6625002003,0.009626511056,0.2693124464
2022-03-03 16:15:00,81.4181,37695,1.508956459,0.3751178808,-0.6702106707,0.5315039264
2022-03-03 16:20:00,81.53,25401,1.220746153,0.4953351434,-0.6629050644,0.7201444971
2022-03-03 16:25:00,81.505,26923,1.508956459,1.508956459,-1.26988537,0.3166499297
2022-03-03 16:30:00,81.63,59946,2.440493626,0,-1.080117763,0.1172379216
2022-03-03 16:35:00,81.54,33708,0.8441603832,0.1228472882,0.1640538307,0.1934024442
2022-03-03 16:40:00,81.37,32795,0.6359344177,0.8626014892,-0.2409633817,0.3654950844
2022-03-03 16:45:00,81.26,22837,0.9074087956,0.7957436025,-0.6024605333,0.3334260295
2022-03-03 16:50:00,81.38,60362,0.6422203241,0.4377467546,-0.2510341437,0.3926468209
2022-03-03 16:55:00,81.58,75089,0.4928238315,1.02602046,-0.3180980718,0.4984001295
2022-03-03 17:00:00,81.6,63097,1.290688769,0.5357580184,-0.44345976,0.1349144075
2022-03-03 17:05:00,81.52,43605,0.6842146909,0.420116408,-0.3742672407,0.5207017949
2022-03-03 17:10:00,81.555,20766,0.5116933679,0.2381113562,-0.3023199296,0.50294548
2022-03-03 17:15:00,81.43,116078,0.7154933464,0.3708051023,-0.2518961998,0.1994647123
2022-03-03 17:20:00,81.33,53130,0.1043898815,0.6346023806,-0.1988066361,0.3266146587
2022-03-03 17:25:00,81.22,30593,0.7627840417,0.3558062668,-0.3614717949,0.6083201015
2022-03-03 17:30:00,81.21,35907,1.263139014,0.3578899726,-0.6190390019,0.8073680166
2022-03-03 17:35:00,81.28,28536,0,1.650630625,-0.967767987,0
2022-03-03 17:40:00,81.2,17801,0.1,0.5066655239,-0.1793015422,0.1785151378
2022-03-03 17:45:00,81.38,42793,0.1459959135,0.9840192114,-0.2572598067,0.3618693377
2022-03-03 17:50:00,81.25,33083,1.48717604,0.4273795764,-0.7760719666,0.9398884529
2022-03-03 17:55:00,81.09,34488,0.2264521151,0.2108185107,-0.107339949,0.1910963229
2022-03-03 18:00:00,80.98,30306,1.011590702,0.7788937897,-0.07750022404,0.2623555076
2022-03-03 18:05:00,81.06,20234,0,1.121863997,-0.07013691091,0.3849708189
2022-03-03 18:10:00,81.12,18058,1.476375832,0.01621532853,-0.6029440217,0.2207069438
2022-03-03 18:15:00,81.2,292359,1.335370753,0.1076534235,-0.6029109763,0.3242427823
2022-03-03 18:20:00,81.16,18376,1.367154859,0.1426263587,-0.5796354495,0.3040205083
2022-03-03 18:25:00,81.05,15132,1.349002814,0.03021391915,-0.5367616469,0.2209542559
2022-03-03 18:30:00,81.06,52270,1.465909236,0,-0.5802382607,0.1344090611
2022-03-03 18:35:00,81.37,27993,0,0.3457673355,0.04835922124,0.06143048787
2022-03-03 18:40:00,81.29,15872,1.631321246,0.7498749531,-0.5728620043,0.6036852918
2022-03-03 18:45:00,81.285,24180,1.961804736,2.040058965,-1.427158826,1.825882462
2022-03-03 18:50:00,81.28,27675,0.6459009832,0.8495987986,-0.449454289,0.7747123762
2022-03-03 18:55:00,81.22,42080,0,0.7815783677,-0.5282542428,0.3777476078
2022-03-03 19:00:00,81.37,38537,1.062665131,0.9353749892,-0.8274540828,0.7078503621
2022-03-03 19:05:00,81.35,32054,1.208814737,0.5951270792,-0.3553704762,0.5982879866
2022-03-03 19:10:00,81.23,80010,1.46527295,0,-0.8844392207,0.3498526563
2022-03-03 19:15:00,81.3,298940,1.659853173,0.4833082523,-0.7919132791,0.6923461755
2022-03-03 19:20:00,81.36,44253,1.80742284,0,-0.8212094696,1.161365569
2022-03-03 19:25:00,81.47,75278,0.5808116829,0.3586594084,0.02321041282,0.2350523717
2022-03-03 19:30:00,81.54,56413,1.341607917,0,-0.2620451418,0.408339054
2022-03-03 19:35:00,81.45,21123,0.6320147458,0.09032403457,0.01492525929,0.01469010149
2022-03-03 19:40:00,81.46,24442,0,2.594616601,-0.205938708,0.2467453519
2022-03-03 19:45:00,81.47,33601,0.2871400846,0.5664498795,-0.1147645409,0.2133817219
2022-03-03 19:50:00,81.75,27365,0.2728330014,1.272720983,-0.5492993181,0.4939219297
2022-03-03 19:55:00,81.87,50320,0.2092572173,0.7981986079,-0.08231712765,0.6821141634
2022-03-03 20:00:00,81.915,58467,1.320953173,0.900749539,-0.210436698,0.08617656151
2022-03-03 20:05:00,82.1,78588,0,0.943846364,-0.3952212445,0.2580506374
2022-03-03 20:10:00,82.07,219641,0,2.125945789,-0.6026489848,0
2022-03-03 20:15:00,82.15,77308,0,3.762456173,-0.8021583513,0
2022-03-03 20:20:00,82.15,131996,0.8815785604,1.881228086,-1.502731693,1.880677641
2022-03-03 20:25:00,82.33,79148,0.9861355803,0.7522592523,-0.6803358505,0.6969714783
2022-03-03 20:30:00,82.38,58667,1.968539865,0,-0.9321688563,1.03103587
2022-03-03 20:35:00,82.29,55021,3.259220856,1.433244542,-2.249559953,2.779013003
2022-03-03 20:40:00,82.22,33340,0,1.27569638,-0.3445414984,0.4952952246
2022-03-03 20:45:00,82.09,33557,1.881228086,0.7482823796,-1.183061547,0.2042301711
2022-03-03 20:50:00,81.955,53671,0,0,0,0
2022-03-03 20:55:00,81.82,39902,0.5360178709,0.7015445162,-0.7047834213,1.15477732
2022-03-03 21:00:00,81.83,33701,0.5995944965,1.986569341,-0.5045625876,0.01689340461
2022-03-03 21:05:00,81.57,37035,0,1.422948505,-1.47901595,0
2022-03-03 21:10:00,81.62,33072,0.7545729895,0.1951380679,-0.3599631354,0.509064748
2022-03-03 21:15:00,81.75,62009,0,3.226011955,-1.541406859,2.102627344
2022-03-03 21:20:00,82.01,51847,0.08,0.7844350221,-0.1229017714,0.2401246104
2022-03-03 21:25:00,81.93,48747,1.182367548,0.2665956945,0.2311335452,0.3392387859
2022-03-03 21:30:00,82.02,64960,1.40983485,0.7160401495,-0.8755544012,1.064487886
2022-03-03 21:35:00,81.7,56442,0,0,0,0
2022-03-03 21:40:00,81.82,81542,1.301296205,0.2022092186,-0.4394847397,0.68178061
2022-03-03 21:45:00,81.71,107114,1.765660899,0,-0.5491478943,0.5816971681
2022-03-03 21:50:00,81.88,130939,0.5480862051,0.3485568309,-0.1059170898,0.281148962
2022-03-03 21:55:00,81.94,353825,0.8650183523,0.8299384194,-0.4654881922,0.6357983622
2022-03-03 22:00:00,81.93,74713,1.389014342,0.355687894,-0.5850048387,0.5873940092
2022-03-04 15:20:00,82.5,203,0.7679763371,0.2526680385,-0.1406426094,0.2244608328
2022-03-04 15:25:00,82.35,771,0.6429356804,0.5552107039,-0.2170738637,0.2258881616
2022-03-04 15:30:00,81.52,266674,0.7000392011,1.05425011,-0.3349606425,0.1946638486
2022-03-04 15:35:00,81.38,69766,1.770364517,0,-0.2387434735,0.6810619378
2022-03-04 15:40:00,81.32,45576,0.469881102,0.8678021347,-0.852636233,0.734520549
2022-03-04 15:45:00,81.865,34116,0.7553272881,1.015467366,0.5652145166,0.1257491873
2022-03-04 15:50:00,81.49,54279,0.7710056387,1.106188206,-0.9689343863,0.2734593259
2022-03-04 15:55:00,81.59,33804,1.033381472,0.4768263872,-0.01883486798,0.3277211351
2022-03-04 16:00:00,81.78,32010,0.1675184479,0.7739366816,-0.2141523764,0.2964428583
2022-03-04 16:05:00,81.74,49881,0.9665597018,0,0.5012046743,0
2022-03-04 16:10:00,81.8362,29735,2.406108637,0,-1.286119165,0
2022-03-04 16:15:00,81.56,49301,1.816135317,0.4788033631,-0.3895103095,0.5213013717
2022-03-04 16:20:00,81.55,45524,2.197829093,0.324216912,-0.7253565241,1.0165157
2022-03-04 16:25:00,81.54,30894,0.6035825835,1.353581508,-0.4087271912,0.4458953711
2022-03-04 16:30:00,81.905,38140,0.09036020036,1.17999652,-0.2533364703,0.2380968774
2022-03-04 16:35:00,81.83,34612,0.4417717708,0.5636360956,-0.03909637742,0.1876214592
2022-03-04 16:40:00,81.96,44536,0.6848661008,0,0.2588550549,0
2022-03-04 16:45:00,81.89,41297,1.823906858,0,0.08942439094,0
2022-03-04 16:50:00,81.6,34996,0.6295511326,0.5201459537,0.02583975233,0.2662636021
2022-03-04 16:55:00,81.511,25447,0.2178694422,1.098312641,-0.4510889356,0.2135645598
2022-03-04 17:00:00,81.635,32903,0.2164776953,0.5007071404,-0.03031621207,0.0939391548
2022-03-04 17:05:00,81.66,27158,0.6015271592,0.8409866841,0.04676233237,0.6386579052
2022-03-04 17:10:00,81.65,25338,0.6701130978,0.6917196506,-0.3416985971,0.6853425048
2022-03-04 17:15:00,81.7,49711,0.3097041015,1.428066842,-0.8050825139,0.8810328855
2022-03-04 17:20:00,81.75,39357,1.768043649,0.4776737905,-0.8632236074,1.294430365
2022-03-04 17:25:00,81.67,51151,1.076189753,0,-0.08813561602,0.3311265683
2022-03-04 17:30:00,81.55,26431,0.6778500449,0.9535067149,-0.7596192694,0.5942476894
2022-03-04 17:35:00,81.52,35969,1.5737398,0,-0.1635372133,0.14572041
2022-03-04 17:40:00,81.79,66869,1.987154607,0,-0.8279810861,0
2022-03-04 17:45:00,81.84,30548,0.8041213906,0.5792076056,-0.3666274159,0.3315129114
2022-03-04 17:50:00,81.9,23110,0.8213730525,1.084633037,-0.4049763543,0.4912914582
2022-03-04 17:55:00,81.95,36210,0.5282008524,0.4955842328,-0.1701543262,0.3395845424
2022-03-04 18:00:00,82.05,198872,0.1123582715,0.479652818,-0.1336993257,0.1509389447
2022-03-04 18:05:00,82.02,52022,0.3595360792,0.5209062368,-0.5378323491,0.6575433319
2022-03-04 18:10:00,82.15,63066,1.829411757,0,-0.137950386,0.4759953522
2022-03-04 18:15:00,82.21,53834,0.2596649001,0.9193836084,-0.3785339625,0.6743312763
2022-03-04 18:20:00,82.34,48506,1.92162767,0,-0.5741273575,0.08623138623
2022-03-04 18:25:00,82.22,21025,1.21703333,0.1033346815,-0.515980229,0.4120897097
2022-03-04 18:30:00,82.34,78346,0.9320595787,0,-0.03016466736,0.04265928169
2022-03-04 18:35:00,82.35,30653,1.008344358,0.4095240582,-0.5075577716,0.2109797665
2022-03-04 18:40:00,82.41,23822,1.418718178,0,-0.5130557204,0.2899699963
2022-03-04 18:45:00,82.36,26658,1.21001323,0.1066308413,-0.6264611439,0.005697662972
2022-03-04 18:50:00,82.47,64573,1.21001323,0.2894683591,-0.5415773414,0.2480507944
2022-03-04 18:55:00,82.6,64817,1.548101278,0,-0.6635546568,0.1373224794
2022-03-04 19:00:00,82.685,38142,1.202691565,0.4442391605,-0.7412432439,0.456482801
2022-03-04 19:05:00,82.8,40663,1.314290848,0.1449433086,-0.5755207513,0.1558924943
2022-03-04 19:10:00,82.94,36328,0.8311147944,0.3782566748,-0.3090805492,0.3001642584
2022-03-04 19:15:00,82.87,87778,1.375015034,0.1477470079,-0.5992055531,0.08194556813
2022-03-04 19:20:00,82.76,40196,0.9723320595,0.5680661637,-0.5299454603,0.1782843959
2022-03-04 19:25:00,82.79,43301,1.26152798,0.1321632748,-0.5114668702,0.2781382683
2022-03-04 19:30:00,82.82,26102,1.21001323,0.08759754812,-0.4774511701,0.3274987677
2022-03-04 19:35:00,82.86,138636,0.3833658625,0,-0.1690570803,0
2022-03-04 19:40:00,82.85,91288,0,0,0,0
2022-03-04 19:45:00,82.5807,30462,1.903826729,0,-0.6634448649,0.5742974599
2022-03-04 19:50:00,82.41,34090,0.6283116934,0,0.06692583177,0.09464741896
2022-03-04 19:55:00,82.26,50010,1.070663956,0.6211828022,-0.3980534329,0.3622704628
2022-03-04 20:00:00,82.09,45926,0,0.3531283607,0.1201229773,0.1698795436
2022-03-04 20:05:00,82.2,31583,0,0,0,0
2022-03-04 20:10:00,82.27,37225,0.693433642,0.7414736403,-0.2340121283,1.095860469
2022-03-04 20:15:00,82.48,35803,0,0.2582795391,-0.101897137,0.1441043131
2022-03-04 20:20:00,82.745,49171,0,1.406108637,-0.10147715,0
2022-03-04 20:25:00,82.92,47031,1.454266666,0.5821383733,0.2624710809,0.9262931223
2022-03-04 20:30:00,83.01,55015,1.244907629,0.2059767144,-0.3473822884,0.2710743736
2022-03-04 20:35:00,82.9317,56971,0.9044983184,0,-0.04824677155,0.1430812651
2022-03-04 20:40:00,82.73,44314,1.974940293,0,-0.921479291,0.2373260856
2022-03-04 20:45:00,82.69,45847,0.8503754033,1.00052059,-0.1104668747,0.8871224609
2022-03-04 20:50:00,82.5791,47918,0.6,0.156508458,-0.08050979968,0.0302007609
2022-03-04 20:55:00,82.74,71625,0.7892092647,0.5231693441,-0.3552324047,0.4730384196
2022-03-04 21:00:00,82.6,25642,0.5353266796,0.7462728324,-0.536733941,0.4944919723
2022-03-04 21:05:00,82.71,30591,1.517847088,0.483144362,-0.7405288313,0.3302820433
2022-03-04 21:10:00,82.62,38901,0.4691884284,0.8488541227,-0.2060246631,0.3789829397
2022-03-04 21:15:00,82.53,45855,0.811049118,0.9141582954,-0.4792232739,0.9553573319
2022-03-04 21:20:00,82.6,49551,1.244907629,0.3553776996,-0.02370306232,0.978650397
2022-03-04 21:25:00,82.59,63084,1.209058026,0.4866294708,-0.8618822343,0.5510843482
2022-03-04 21:30:00,82.72,49795,0.8376940251,0.8936815173,-0.4174358542,0.825876368
2022-03-04 21:35:00,82.615,49774,0,0.8173395598,-0.3201509644,0.4527618359
2022-03-04 21:40:00,82.52,59658,0.1585609487,1.481936102,0.06283436765,0.337180715
2022-03-04 21:45:00,82.58,76356,0,0.9670912569,-0.5128775893,0.7253184427
2022-03-04 21:50:00,82.63,104526,0.6678308063,0.9026437921,-0.1088307294,0.4604765388
2022-03-04 21:55:00,82.86,493126,1.044358833,1.281388017,-0.5907050693,0.5371931388
2022-03-04 22:00:00,82.8,191315,0.9723972227,1.082779679,-0.6981419683,1.432990279
2022-03-07 15:20:00,84.55,2915,1.174526906,0.7080039951,-0.9117429041,1.461546541
2022-03-07 15:25:00,84.59,14288,1.360620447,1.229747476,-0.6060515206,1.339489268
2022-03-07 15:30:00,84.9,528766,0.9161337028,0.8508129217,-0.09370699829,0.4969224558
2022-03-07 15:35:00,85.04,203626,0.65373822,0.873076092,-0.2868259481,0.6721573876
2022-03-07 15:40:00,85.8126,152665,2.316500465,0.495365218,-0.8541792681,0.9172423583
2022-03-07 15:45:00,85.9597,214084,0.7699864236,1.123057754,-0.3765627826,0.7784138721
2022-03-07 15:50:00,86.15,305622,0.371419749,1.336232493,-0.3729923476,0.6833100252
2022-03-07 15:55:00,86.84,203276,0.6368256664,1.191268271,-0.4605450074,0.677024381
2022-03-07 16:00:00,86.33,190119,0.6950226427,0.9238869725,-0.1546099841,0.3698068056
2022-03-07 16:05:00,86.59,176841,0.45517923,1.059298821,-0.1038968504,0.5053977592
2022-03-07 16:10:00,87.28,212695,0.7851468645,0.772239035,-0.3565892577,0.5200762345
2022-03-07 16:15:00,87.6376,123655,0.7304807125,0.8091052462,-0.189853685,1.251051714
2022-03-07 16:20:00,87.1,87579,0.9374675346,0.7858280692,-0.5501765485,0.7984034962
2022-03-07 16:25:00,87,85017,0.7214056224,0.7173025369,-0.378201099,0.5719418868
2022-03-07 16:30:00,87.18,99351,1.169664168,0.5489652105,-0.7232414764,0.799283364
2022-03-07 16:35:00,87.68,104061,1.014989855,1.002883126,-0.4780366391,1.605123877
2022-03-07 16:40:00,87.85,122003,1.664845132,0.6139289334,-0.5582779035,0.7764297443
2022-03-07 16:45:00,87.79,77025,0.8240605662,1.064294192,-0.4963447349,0.8606096643
2022-03-07 16:50:00,87.77,89057,0.3706109111,1.382888941,-0.4486277695,0.8109293486
2022-03-07 16:55:00,87.39,82622,0.7289966602,1.074615933,-0.277035296,0.4889806294
2022-03-07 17:00:00,87.27,74596,1.573633939,0.4919573137,-0.7407229318,0.8151912184
2022-03-07 17:05:00,87.35,101463,0.7129079935,1.060097759,-0.6240361005,0.6854687528
2022-03-07 17:10:00,87.4,79058,1.35224666,0.5095160233,-0.5036816201,0.9076288511
2022-03-07 17:15:00,87.9,79634,1.277222062,0.8944359305,-0.8347433943,0.8969795794
2022-03-07 17:20:00,87.83,39356,1.558746781,0.4466644217,-0.9441179371,0.8639850853
2022-03-07 17:25:00,87.79,62163,1.408323876,0.6406180286,-1.095473856,0.8319951134
2022-03-07 17:30:00,87.55,165033,1.363336158,0.8253907889,-0.9857199059,0.8227010556
2022-03-07 17:35:00,87.17,71951,1.372300337,0.3175422624,-0.9297705016,0.7816800883
2022-03-07 17:40:00,86.92,50021,0.9554395334,0.6954452444,-0.4897163425,0.6223884101
2022-03-07 17:45:00,86.56,53775,0.8885580963,1.204531019,-0.3503622935,0.6471004692
2022-03-07 17:50:00,86.36,82108,1.35896828,0.5442826139,-0.7021058812,0.7251066452
2022-03-07 17:55:00,86.15,42422,1.389963544,0.3925487538,-0.7140141832,0.6479396029
2022-03-07 18:00:00,86.08,58151,1.533734463,0.3032289711,-0.7587906475,0.759168026
2022-03-07 18:05:00,85.876,43605,1.040042146,0.8784539353,-0.4099228019,0.955858115
2022-03-07 18:10:00,85.86,61926,0.791088643,1.15192271,-0.5490305693,0.8573899892
2022-03-07 18:15:00,85.81,55243,1.136690776,1.121068939,-0.7516127245,1.534660081
2022-03-07 18:20:00,85.56,77996,0.940694261,0.936602803,-0.6664369253,0.630494322
2022-03-07 18:25:00,85.23,53894,0.8625956583,1.087976847,-0.5304182292,0.577740592
2022-03-07 18:30:00,85.18,80613,0.9678829124,0.9655807039,-0.3647345126,0.6568051863
2022-03-07 18:35:00,84.955,52001,0.4920596643,0.8173084302,-0.3089757893,0.5218058403
2022-03-07 18:40:00,84.77,36036,0.8018155498,0.8043014895,-0.3484085764,0.3957560765
2022-03-07 18:45:00,84.64,84930,0.8217365366,0.6066872496,-0.366124727,0.4961608204
2022-03-07 18:50:00,84.61,69013,0.9328549506,0.6152794567,-0.2982537872,0.5536785463
2022-03-07 18:55:00,84.415,58790,1.409809696,0.5984217614,-0.5052178594,0.7138186484
2022-03-07 19:00:00,84.42,52683,0.9423259756,0.6936844382,-0.2189245159,0.4245926287
2022-03-07 19:05:00,84.83,38045,1.581374446,0.2604774472,-0.3790439481,0.5459366943
2022-03-07 19:10:00,84.65,26593,0.6876511915,0.9325382461,-0.4438187457,0.6397271852
2022-03-07 19:15:00,84.48,31858,1.215621038,0.6449652679,-0.5546719983,1.010594493
2022-03-07 19:20:00,84.23,56928,0.7443194501,0.7711819467,-0.4246844305,0.5885027858
2022-03-07 19:25:00,84.395,67940,1.424098497,0.4061906881,-0.485039267,0.8423156558
2022-03-07 19:30:00,84.32,46662,0.6695146022,1.464758275,-0.4579211118,1.388572397
2022-03-07 19:35:00,84.19,80360,0.9772878016,0.568216708,-0.2053471084,0.4937364971
2022-03-07 19:40:00,84.31,48456,1.457508894,0.4313085523,-0.5577348973,0.5451945826
2022-03-07 19:45:00,84.09,111752,0.6817527232,1.29233367,-0.5998952022,0.9275643508
2022-03-07 19:50:00,83.89,49116,0.8531904098,1.028198193,-0.5902910733,0.5253712986
2022-03-07 19:55:00,84.03,55318,0.7147304969,1.092881179,-0.2701441229,0.6943882313
2022-03-07 20:00:00,83.775,96170,0.8825084659,1.552249946,-0.6233185724,2.083379974
2022-03-07 20:05:00,83.48,95636,0.4145154364,1.159380531,-0.4209850761,0.7526291283
2022-03-07 20:10:00,83.47,160011,0.8892209652,0.6416505179,-0.365548884,0.5686842407
2022-03-07 20:15:00,83.198,71442,1.076717105,0.7721951701,-0.5229609691,0.4074148027
2022-03-07 20:20:00,83.26,44701,0.7373173217,0.5691333047,-0.3187640975,0.5670331098
2022-03-07 20:25:00,83.25,65659,0.3829620767,1.367666351,-0.3612546012,0.4813419286
2022-03-07 20:30:00,83.2,59103,1.557190506,1.137050604,-0.6172516919,0.9304193901
2022-03-07 20:35:00,83.1833,84055,0.8761529269,0.6031487412,-0.4462392587,0.4407296717
2022-03-07 20:40:00,83.52,69076,1.250200917,0.339582145,-0.4649934,0.5157102223
2022-03-07 20:45:00,83.715,61831,1.04825855,0.5768013748,-0.4829563381,0.4962783245
2022-03-07 20:50:00,83.73,94318,1.153761425,0.4704733204,-0.4605331267,0.4888056285
2022-03-07 20:55:00,83.515,62408,1.095188884,0.4719468751,-0.3819976298,0.5348392213
2022-03-07 21:00:00,83.58,56454,0.8238186033,0.9766054462,-0.4483390091,0.6977555262
2022-03-07 21:05:00,83.6,53130,0.8928284438,0.9448124906,-0.5063425436,0.334514875
2022-03-07 21:10:00,83.52,54975,1.250175946,0.3195811315,-0.4918717525,0.4606686568
2022-03-07 21:15:00,83.49,53387,0.9843435253,0.3415811353,-0.3324818628,0.4731049583
2022-03-07 21:20:00,83.59,93632,0.9002729342,0.551251655,-0.3700181749,0.4663009557
2022-03-07 21:25:00,83.64,92693,1.402291538,0.3984053054,-0.5629819857,0.6041766686
2022-03-07 21:30:00,83.78,118744,1.283383829,0.7556713127,-0.4234808519,0.761592041
2022-03-07 21:35:00,83.78,111300,0.5763104618,1.086164285,-0.1731160774,0.66805965
2022-03-07 21:40:00,83.7,97750,0.7582082814,0.6111068272,-0.3459352804,0.5059316664
2022-03-07 21:45:00,83.96,121656,0.6357201719,0.1447021445,-0.08950188437,0.2736440604
2022-03-07 21:50:00,83.87,191703,0.8643921411,0.6941658767,-0.1359758742,0.8875094004
2022-03-07 21:55:00,83.86,455423,0.9996182137,0.4569582412,-0.2029828889,0.5833823538
2022-03-07 22:00:00,83.97,109894,1.190917698,0.7578181945,-0.4749925818,0.7750800842
2022-03-08 15:20:00,84.6,0,1.100962414,0.6380409688,-0.2869641602,0.4878743911
2022-03-08 15:25:00,84.7,1571,0.9883758611,1.883226596,-0.9559217732,2.126378358
2022-03-08 15:30:00,84.1,210133,0.9528914456,1.515098597,-0.4971400205,1.194845868
2022-03-08 15:35:00,84.95,88815,1.012719792,1.057855776,-0.4159990662,1.062343494
2022-03-08 15:40:00,84.63,149247,1.02226001,1.002359263,-0.7066008603,1.729274028
2022-03-08 15:45:00,84.585,119033,1.548618944,1.124859679,-0.5823430609,1.174045781
2022-03-08 15:50:00,84.75,49254,0.6951042633,1.249752275,-0.3633791561,0.6541536337
2022-03-08 15:55:00,84.8,55088,0.5048470334,0.9415531586,-0.3515724466,0.8399394769
2022-03-08 16:00:00,84.8,81632,0.4429247157,1.474137499,-0.6444170564,0.8789368789
2022-03-08 16:05:00,84.505,45891,0.7835790295,0.9196662281,-0.3543607551,0.5016851113
2022-03-08 16:10:00,84.51,48419,0.7874294625,1.193517755,-0.4535446675,1.26205218
2022-03-08 16:15:00,84.5,63740,1.030057766,0.6894676569,-0.2718342733,0.5957074311
2022-03-08 16:20:00,85.1984,49588,0.3158681129,1.39507102,-0.2861594424,0.7589580617
2022-03-08 16:25:00,85.245,55849,0.7256517682,1.115462049,-0.2658984782,0.5290700824
2022-03-08 16:30:00,85.02,50187,0.6636188132,1.286339781,-0.4594712726,0.8578206431
2022-03-08 16:35:00,85.38,74722,0.8044586227,1.430837783,-0.7600821276,0.9564130033
2022-03-08 16:40:00,85.88,48095,0.9909004562,0.8612740338,-0.5106045778,1.031363468
2022-03-08 16:45:00,85.8,42323,0.7177947697,1.564490857,-0.7552254843,1.733680834
2022-03-08 16:50:00,85.74,54011,0.6425894476,0.9516271566,-0.450843854,0.7813882609
2022-03-08 16:55:00,85.62,55208,1.002746127,1.042747851,-0.6712870087,1.088193119
2022-03-08 17:00:00,85.7,37227,0.8090267124,0.7881312078,-0.3729332795,0.9009256119
2022-03-08 17:05:00,85.4265,124068,0.4544769136,0.8315180948,-0.2540860072,0.5979659695
2022-03-08 17:10:00,85.5518,113428,0.885843007,0.9682706974,-0.368041548,0.8706842797
2022-03-08 17:15:00,85.65,172156,1.383401559,0.6265314244,-0.5391964299,1.469709339
2022-03-08 17:20:00,85.73,54926,1.143456509,1.023172987,-0.4371696626,0.933266358
2022-03-08 17:25:00,85.79,49754,0.8649863878,0.7940827625,-0.3156239676,0.6925650473
2022-03-08 17:30:00,85.52,40755,0.54407871,1.58322978,-0.6761564349,1.419674089
2022-03-08 17:35:00,85.76,29611,1.120514862,0.8519195431,-0.3350897381,0.6475525449
2022-03-08 17:40:00,85.7,39286,1.397160414,0.5108727501,-0.4061042793,0.5964896899
2022-03-08 17:45:00,85.69,47784,0.9473880878,0.9552239864,-0.5918748103,1.017099279
2022-03-08 17:50:00,85.76,44765,0.8100326358,1.205722254,-0.4227669034,0.5810496099
2022-03-08 17:55:00,85.81,22024,1.181794918,0.8996206854,-0.4444050545,1.123495104
2022-03-08 18:00:00,85.97,76750,1.005967917,0.5948745986,-0.350795821,0.6981373273
2022-03-08 18:05:00,86.145,37278,0.9280035137,0.7646142094,-0.2645777361,0.698604285
2022-03-08 18:10:00,86.18,41972,0.8644289861,1.126578834,-0.7505690152,1.164703274
2022-03-08 18:15:00,86.29,49935,1.122891419,0.5785670696,-0.2766798583,0.63923369
2022-03-08 18:20:00,86.29,75463,0.8116459177,0.6836128075,-0.4478734625,0.5459777687
2022-03-08 18:25:00,85.6,32600,1.14147733,1.379737405,-1.058761994,2.265416987
2022-03-08 18:30:00,85.67,68753,0.6877034857,0.6872234736,-0.1772330045,0.429133176
2022-03-08 18:35:00,85.35,67151,0.7306323348,0.7104711029,-0.306543132,0.7636294514
2022-03-08 18:40:00,84.69,108256,0.6857974336,0.8468244771,-0.4246854476,0.6693066741
2022-03-08 18:45:00,84.69,104479,0.7376824745,0.7599630251,-0.234327369,0.5069912341
2022-03-08 18:50:00,83.97,57647,0.7147349482,0.7429267599,-0.1781722245,0.6666577363
2022-03-08 18:55:00,84.17,30813,0.9646278252,1.09152388,-0.4539613602,0.7847138708
2022-03-08 19:00:00,84.11,41082,1.12084529,0.912996046,-0.5014599554,1.276299797
2022-03-08 19:05:00,84.23,28188,0.5099667593,0.7739663836,-0.4759775204,0.4291035497
2022-03-08 19:10:00,84.54,66153,0.87504106,0.3598004889,-0.3773343033,0.5228129948
2022-03-08 19:15:00,84.39,45842,0.9798472195,0.8794397472,-0.6274905026,0.813347125
2022-03-08 19:20:00,83.96,70830,1.277922736,0.6331438506,-0.4576269896,0.8754663448
2022-03-08 19:25:00,83.63,60572,1.195203518,0.5574404262,-0.7031365025,0.7120149547
2022-03-08 19:30:00,83.345,88288,0.9212144286,0.7859744771,-0.5053500869,0.617019939
2022-03-08 19:35:00,83.405,80927,0.9199865705,0.8405719699,-0.3686607252,0.6305905481
2022-03-08 19:40:00,83.5,54202,1.181207298,0.3279774839,-0.262344111,0.5799296395
2022-03-08 19:45:00,83.35,38956,0.4851651442,0.5674485238,-0.1815267266,0.3181096161
2022-03-08 19:50:00,83.23,56711,1.255337285,0.4250904693,-0.5131284723,0.6810504066
2022-03-08 19:55:00,83.43,36884,0.9272033887,0.5415217161,-0.3786901,1.001117898
2022-03-08 20:00:00,83.53,40315,0.6389787641,1.035237211,-0.3951258169,0.7977265785
2022-03-08 20:05:00,83.48,31966,1.009694858,0.6792031556,-0.4749628358,0.5527041932
2022-03-08 20:10:00,83.6,31307,1.129175907,0.932439859,-0.6266606943,1.156881379
2022-03-08 20:15:00,83.568,35247,1.196999874,0.9620185757,-0.6033863238,1.33943741
2022-03-08 20:20:00,83.6,28278,0.5778500906,1.012056035,-0.2279032427,0.5115577286
2022-03-08 20:25:00,83.78,38707,0.886618137,0.667973953,-0.4070346472,0.4177562905
2022-03-08 20:30:00,84.04,29911,0.8605043261,0.8940520077,-0.4893975179,0.3438481348
2022-03-08 20:35:00,84.07,57252,0.7556490873,0.6005569996,-0.4354593058,0.4428991566
2022-03-08 20:40:00,84.23,60077,0.7999401921,0.825214218,-0.4273689369,0.3752692865
2022-03-08 20:45:00,84.34,25740,1.145867987,0.4900496,-0.5532619392,0.5672545634
2022-03-08 20:50:00,84.49,22802,1.060941925,0.4574684897,-0.5187387867,0.4260247302
2022-03-08 20:55:00,84.37,30227,1.12291714,0.5067742903,-0.3975543239,0.4913382696
2022-03-08 21:00:00,84.445,32771,0.9475719061,0.415577937,-0.4614241623,0.5889132184
2022-03-08 21:05:00,84.62,28391,0.7609654462,0.7223366028,-0.2756547715,0.534222217
2022-03-08 21:10:00,84.48,34757,0.7579710645,0.8820196275,-0.415510084,0.4331926563
2022-03-08 21:15:00,84.32,42599,0.8462826051,1.009604354,-0.5125810347,0.4973362852
2022-03-08 21:20:00,84.19,37067,0.9247766063,0.754013173,-0.4131779369,0.4397834606
2022-03-08 21:25:00,84.16,43843,0.5768706612,0.7656038533,-0.3054040078,0.5649059521
2022-03-08 21:30:00,83.8,64035,0.914776962,0.7001860813,-0.3148885755,0.7014148073
2022-03-08 21:35:00,83.65,35034,0.5700341225,0.4979592381,-0.2206602258,0.5739745174
2022-03-08 21:40:00,83.75,59760,0.4121623616,0.8795570959,-0.3655761118,0.5825951711
2022-03-08 21:45:00,83.45,71200,0.6919777929,0.9551264116,-0.1983545447,0.6290182211
2022-03-08 21:50:00,83.25,105158,0.8265139018,0.8513557043,-0.4120991672,0.7044539604
2022-03-08 21:55:00,83.41,231448,0.7202887971,1.119435693,-0.07902051125,0.4970731648
2022-03-08 22:00:00,83.13,64104,0.8929691063,0.7494688287,-0.3969348639,1.096963782
2022-03-09 15:20:00,83.2,0,0.8653987046,1.514323183,-0.692104708,1.182323572
2022-03-09 15:25:00,83,1554,0.5321405668,1.202430283,-0.2962171291,0.5313114543
2022-03-09 15:30:00,83.29,235208,0.5919256036,1.382834698,-0.5533323243,1.024692822
2022-03-09 15:35:00,82.26,136127,0.575549205,0.986324603,-0.4289791926,0.477831816
2022-03-09 15:40:00,82.05,125159,0.5707209475,1.0146122,-0.4466357144,0.5323444557
2022-03-09 15:45:00,81.55,210824,0.9213633718,1.122326365,-0.5782676023,0.9539807786
2022-03-09 15:50:00,81.24,151494,0.5561594163,0.988776523,-0.2939923285,0.4582362142
2022-03-09 15:55:00,80.73,142260,0.5862077974,1.02186154,-0.453883643,0.4266641672
2022-03-09 16:00:00,80.74,121533,1.290631865,0.6143497358,-0.7341451741,1.25445708
2022-03-09 16:05:00,80.73,82660,1.094882058,0.7259050774,-0.6024925002,0.9314171366
2022-03-09 16:10:00,81.1981,68932,0.8419716915,0.8596703192,-0.4365299114,0.6959788063
2022-03-09 16:15:00,81.825,94241,0.6912213447,1.138660387,-0.5136266077,0.5659512698
2022-03-09 16:20:00,81.465,86900,0.9571406747,1.055966109,-0.6279578833,1.156844165
2022-03-09 16:25:00,81.175,59503,0.8376702879,0.7749123958,-0.513118578,0.7581321911
2022-03-09 16:30:00,80.92,42875,0.8990644666,1.213510863,-0.5823717863,0.719468492
2022-03-09 16:35:00,80.93,72082,0.7787696615,0.9949427789,-0.5634085129,0.6653515577
2022-03-09 16:40:00,80.79,54882,0.9823087153,0.7245791497,-0.4381008034,0.4362466001
2022-03-09 16:45:00,80.77,65642,0.78677944,0.8874168132,-0.4265378236,0.7022433103
2022-03-09 16:50:00,80.83,68837,0.9537193254,0.6094549898,-0.356749549,0.6119503119
2022-03-09 16:55:00,80.99,39714,0.7060151438,0.773766862,-0.2650945166,0.560664933
2022-03-09 17:00:00,81.37,49182,0.774327385,1.045867274,-0.3766872915,0.5830646887
2022-03-09 17:05:00,81.2,81623,0.7338870726,1.152931626,-0.6856954161,1.784888645
2022-03-09 17:10:00,81.12,126942,1.037154043,0.8525249809,-0.4210875066,0.833714931
2022-03-09 17:15:00,81.3699,33323,0.7138642448,1.084220515,-0.3596225246,0.5746714502
2022-03-09 17:20:00,81.3,59382,1.097602977,0.7323319611,-0.5445159809,0.9861209227
2022-03-09 17:25:00,81.25,97212,0.8741868161,0.7799983037,-0.3037067497,0.7766445808
2022-03-09 17:30:00,81.31,77101,0.969260965,0.5079440503,-0.1764514448,0.585340632
2022-03-09 17:35:00,81.56,47975,0.5570399256,1.058011973,-0.5262022063,0.8964300896
2022-03-09 17:40:00,81.45,92191,0.734073847,0.8916567422,-0.5558298555,0.7623204036
2022-03-09 17:45:00,81.33,49763,0.5122182137,0.7710104263,-0.2641927361,0.5218225487
2022-03-09 17:50:00,81.31,46524,0.795214028,0.7451164332,-0.3960927399,0.7851614108
2022-03-09 17:55:00,81.28,45029,0.71437802,0.7738227769,-0.4280193368,0.7718080733
2022-03-09 18:00:00,81.4,44744,0.7210203325,1.022215004,-0.6376579338,0.8962631212
2022-03-09 18:05:00,81.51,50705,0.733380215,0.6633919251,-0.4267710061,0.6034914094
2022-03-09 18:10:00,81.79,50346,0.7688162082,0.9882262682,-0.5784132222,0.737601755
2022-03-09 18:15:00,81.75,36848,0.927536421,0.8778325356,-0.5269775427,1.200670071
2022-03-09 18:20:00,81.87,37071,0.9538239383,0.6705482586,-0.5012479215,0.6956384696
2022-03-09 18:25:00,81.935,17951,0.8162683272,0.7996365975,-0.4339223787,0.653287932
2022-03-09 18:30:00,82,30400,0.814363816,0.9148421146,-0.5346468118,0.6597736582
2022-03-09 18:35:00,81.83,30957,0.842663442,0.7856384146,-0.4741188741,0.7118021277
2022-03-09 18:40:00,81.47,60430,0.7658820104,0.7198909436,-0.4240721383,0.6016135824
2022-03-09 18:45:00,81.255,34081,0.5844784793,0.8647620735,-0.3505728829,0.6693302528
2022-03-09 18:50:00,81.21,36697,0.9607814841,0.6326397321,-0.4207453895,0.7898027306
2022-03-09 18:55:00,81.17,45993,0.7614054353,0.6244804649,-0.385053112,0.5835241425
2022-03-09 19:00:00,81.17,44656,0.8128426786,0.7275703715,-0.4450923844,0.6527022027
2022-03-09 19:05:00,81.27,42141,0.9439059456,0.7497405611,-0.4385616664,0.6531410964
2022-03-09 19:10:00,81.44,32611,0.9196064867,0.6367217426,-0.4288566942,0.6634145433
2022-03-09 19:15:00,81.555,22170,0.7601080134,0.6293472523,-0.4674149252,0.7358221926
2022-03-09 19:20:00,81.43,27238,0.8109525022,0.6441319316,-0.4104295437,0.6354662877
2022-03-09 19:25:00,81.38,28264,0.7604039572,0.8449317648,-0.4983674048,0.6253375719
2022-03-09 19:30:00,81.32,27689,0.9375782352,0.8179595458,-0.4644802614,0.8579814074
2022-03-09 19:35:00,81.375,40157,0.6508056968,0.8600725451,-0.4290480134,0.6890177587
2022-03-09 19:40:00,81.48,42752,0.7468094478,0.7062615843,-0.4499638162,0.5871920127
2022-03-09 19:45:00,81.58,23570,0.7864992459,0.5928691711,-0.3687357783,0.5596767697
2022-03-09 19:50:00,81.44,31481,0.7702898174,0.8177267188,-0.4393657547,0.6024572373
2022-03-09 19:55:00,81.285,28484,0.9007568767,0.8516339395,-0.562905998,1.336307537
2022-03-09 20:00:00,81.25,33058,0.7303796681,1.128597733,-0.5126748113,0.7115044884
2022-03-09 20:05:00,81.33,34409,0.6418050921,0.6668553916,-0.33786891,0.5938555137
2022-03-09 20:10:00,81.3083,27802,0.6250335855,0.7482763165,-0.3807825072,0.6761672245
2022-03-09 20:15:00,81.47,54602,0.4412562421,0.3519316526,-0.01222910101,0.5728221319
2022-03-09 20:20:00,81.465,37055,0.4467996089,0.3740120929,-0.1093226557,0.6065345415
2022-03-09 20:25:00,81.38,65176,0.5427263989,0.4472971681,-0.1815731877,0.504106601
2022-03-09 20:30:00,81.42,33113,0.6120496194,0.330855319,-0.06248755089,0.57159632
2022-03-09 20:35:00,81.57,24505,0.6154468876,0.4605736213,-0.08262913468,0.5862842921
2022-03-09 20:40:00,81.66,25180,0.7095528613,0.478259956,-0.1645023361,0.6620707942
2022-03-09 20:45:00,81.74,22286,0.6225277452,0.6036231595,-0.2748388101,0.6897786473
2022-03-09 20:50:00,81.74,21604,0.7144543552,0.58921437,-0.390489682,0.7415672558
2022-03-09 20:55:00,81.63,23251,0.5764997649,0.7335061863,-0.2285439706,0.5086087713
2022-03-09 21:00:00,81.69,31853,0.7926182715,0.6551591282,-0.3491074559,1.391138123
2022-03-09 21:05:00,81.73,39029,0.7400575099,0.3752732525,-0.1315508965,0.516239799
2022-03-09 21:10:00,81.77,60329,0.6926016877,0.399561654,-0.1554326707,0.6580210707
2022-03-09 21:15:00,81.86,46047,0.522392545,0.6505953652,-0.206018155,0.6443104466
2022-03-09 21:20:00,81.8,39467,0.5375834676,0.3984185588,-0.09536116559,0.4849445515
2022-03-09 21:25:00,81.8275,55803,0.4905864707,0.4901712294,-0.2385321646,0.7250017315
2022-03-09 21:30:00,81.91,78854,0.8861470382,0.5336197697,-0.4113351185,1.009477066
2022-03-09 21:35:00,81.81,69165,0.6903108445,0.6386168739,-0.385972603,0.6944606097
2022-03-09 21:40:00,82.005,106992,0.738153367,0.8033311745,-0.3498684389,0.7823439751
2022-03-09 21:45:00,82.08,104906,0.8067898506,0.7769466083,-0.4859598164,0.7163233471
2022-03-09 21:50:00,81.94,195370,0.5432196303,0.7715622097,-0.2977352314,0.8009893756
2022-03-09 21:55:00,81.89,298544,0.6898490275,0.7404932253,-0.2233462597,0.5935083962
2022-03-09 22:00:00,81.78,37675,0.8201861004,0.6968864678,-0.3954461005,0.8201344293
2022-03-10 15:20:00,82.33,0,0.776415764,0.5935474347,-0.338858597,0.6436106983
2022-03-10 15:25:00,81.47,2333,0.6782877605,0.5982989631,-0.3289595105,0.7831308443
2022-03-10 15:30:00,81.69,180739,0.5917878784,0.9099776758,-0.3122776608,0.6585635019
2022-03-10 15:35:00,82.09,66864,0.7364912227,0.9647052056,-0.4063990603,0.7820971011
2022-03-10 15:40:00,82.62,55430,0.7790101942,0.7714684748,-0.3687229984,0.6153931144
2022-03-10 15:45:00,83.09,164189,0.8116466036,0.9049336761,-0.5920351258,1.0435527
2022-03-10 15:50:00,83.47,53444,0.9386885193,0.8206753919,-0.4248737418,0.6277190365
2022-03-10 15:55:00,83.76,62387,0.7673965151,0.8479079167,-0.3080466725,0.8119528043
2022-03-10 16:00:00,83.64,72228,0.7310502244,0.7399356174,-0.3723287725,0.8169707726
2022-03-10 16:05:00,83.74,30080,0.9157808122,0.7983576564,-0.4421642601,0.6771587545
2022-03-10 16:10:00,83.89,34858,0.813608875,0.886823979,-0.4483621821,0.8028334895
2022-03-10 16:15:00,83.66,58748,0.7718099431,0.933734972,-0.4672750186,0.8439420048
2022-03-10 16:20:00,83.71,39607,0.8331998317,0.7653105365,-0.4672993599,0.7300419871
2022-03-10 16:25:00,84.01,50441,1.008162879,0.9894713977,-0.5173715138,0.9975063962
2022-03-10 16:30:00,84.12,71015,0.6039656098,0.9212854305,-0.3101453837,0.7433082665
2022-03-10 16:35:00,83.91,47467,0.9732555596,0.8210946324,-0.3362984651,0.7587735371
2022-03-10 16:40:00,83.82,33748,0.9095564475,0.7806881755,-0.4485409033,0.6116923227
2022-03-10 16:45:00,83.49,39056,0.8073462473,0.901915651,-0.5004896294,1.019627788
2022-03-10 16:50:00,83.33,37157,1.032515564,0.6362019908,-0.471302629,0.7998889756
2022-03-10 16:55:00,83.28,41636,1.000710304,0.7252109612,-0.4960925264,0.7768274848
2022-03-10 17:00:00,83.225,30562,0.6345311575,1.095068963,-0.3736823716,0.7561291298
2022-03-10 17:05:00,83.21,24478,0.7661240361,0.8294202991,-0.3511470894,0.7087746696
2022-03-10 17:10:00,83.26,27702,0.8044688013,0.8670411653,-0.3709118438,0.7566773753
2022-03-10 17:15:00,83.12,37074,0.8091516215,0.6230480403,-0.429485528,0.827034062
2022-03-10 17:20:00,82.8901,31236,0.8638811519,0.8600596921,-0.4264196235,0.690055844
2022-03-10 17:25:00,82.8,21143,0.7005319738,0.9590722772,-0.5591283706,0.8950175733
2022-03-10 17:30:00,82.81,20067,0.8397896042,0.8948460041,-0.4977978926,0.8597778612
2022-03-10 17:35:00,82.89,14951,0.6113881817,0.6903326928,-0.393177613,0.6563093904
2022-03-10 17:40:00,82.75,27347,0.7220541126,0.9446864771,-0.3216824375,0.7445226664
2022-03-10 17:45:00,83.05,18501,0.6459487326,1.029753462,-0.519544038,0.9940135989
2022-03-10 17:50:00,83.13,18019,0.661046429,0.8270252193,-0.3561067114,0.5949067173
2022-03-10 17:55:00,83.18,39403,0.5914422082,0.5901555748,-0.3038682797,0.5856759424
2022-03-10 18:00:00,83.19,24058,0.8967722506,0.625780066,-0.4243005604,0.7479410651
2022-03-10 18:05:00,83.32,14590,0.679921308,0.8543078608,-0.4379013179,0.6656285725
2022-03-10 18:10:00,83.21,13283,0.8178634833,0.762618016,-0.3837065778,0.7358472835
2022-03-10 18:15:00,83.2,15777,0.7419694237,0.7424572686,-0.3425920835,0.6220222805
2022-03-10 18:20:00,83.21,20411,0.8491233576,0.7078550963,-0.3088232378,0.5687008999
2022-03-10 18:25:00,83.44,12813,0.9290981607,0.7601029094,-0.4319391709,0.9554902158
2022-03-10 18:30:00,83.5267,27627,1.075656275,0.7596860719,-0.5985927238,0.8116426027
2022-03-10 18:35:00,83.46,18129,0.8598598575,0.7481699195,-0.4905879244,0.6676869416
2022-03-10 18:40:00,83.39,13767,0.856445437,0.8225871524,-0.4279249332,0.7012285867
2022-03-10 18:45:00,83.19,20427,0.904253467,0.836538952,-0.5421137686,0.7468958474
2022-03-10 18:50:00,83.03,23809,0.8538223788,0.8673058117,-0.4428418806,0.6184668777
2022-03-10 18:55:00,83.2876,18611,0.7657694686,0.8051202572,-0.4584077975,0.6465445742
2022-03-10 19:00:00,83.3056,13561,1.22119559,1.182762431,-0.7663213209,1.374361893
2022-03-10 19:05:00,83.25,14354,1.010832698,0.5418100192,-0.4283162991,0.7140716621
2022-03-10 19:10:00,83.35,17644,0.5662514399,0.7728158625,-0.3446647435,0.7313309512
2022-03-10 19:15:00,83.53,21866,0.5270163966,0.601749023,-0.3106801627,0.5018639575
2022-03-10 19:20:00,83.64,23510,0.5741174152,0.8405744863,-0.4359838928,0.6076313979
2022-03-10 19:25:00,83.56,21980,0.5903685463,0.8906594456,-0.3888585992,0.5888734739
2022-03-10 19:30:00,83.67,19728,0.8602988829,1.07778152,-0.4670124149,0.745424464
2022-03-10 19:35:00,83.6,17868,0.7896343717,0.8414218866,-0.4058823461,0.6830792352
2022-03-10 19:40:00,83.57,11043,0.7747957965,0.8173231992,-0.3047865314,0.6297399272
2022-03-10 19:45:00,83.67,15970,0.7535795926,0.664157764,-0.3832591988,0.6196783973
2022-03-10 19:50:00,83.7997,18997,0.9524075785,0.8378228124,-0.4720934045,0.8851597109
2022-03-10 19:55:00,83.7922,22334,0.6100782987,0.6393157666,-0.3125136098,0.6395149519
2022-03-10 20:00:00,83.85,24634,0.5009331167,1.128934414,-0.5279938619,0.6099518678
2022-03-10 20:05:00,83.94,25025,0.5034365224,0.9732824922,-0.3313234752,0.6068923888
2022-03-10 20:10:00,83.8,17993,0.9025672098,0.8186836517,-0.4060875987,0.8102543831
2022-03-10 20:15:00,83.81,17929,0.8164233306,0.84124606,-0.4083234736,0.6389913167
2022-03-10 20:20:00,83.89,23421,0.9290836561,0.7325137366,-0.2648166891,0.6120428651
2022-03-10 20:25:00,83.85,66009,0.6172340131,0.9960637606,-0.4341137373,0.8915726886
2022-03-10 20:30:00,83.82,24824,0.9035778715,0.9181160223,-0.6409537411,0.9495881397
2022-03-10 20:35:00,83.78,21988,0.6612138671,0.4315872435,-0.3532127932,0.4298757202
2022-03-10 20:40:00,83.845,22817,0.714676383,0.5602826992,-0.3809622719,0.5788699642
2022-03-10 20:45:00,83.855,46722,1.10344681,0.4707358154,-0.4915532486,0.6405633619
2022-03-10 20:50:00,83.93,35206,1.019933442,0.6422589864,-0.5717778589,0.6408260178
2022-03-10 20:55:00,83.84,28114,0.7957822638,0.8541679049,-0.535304981,0.5814270862
2022-03-10 21:00:00,83.93,34747,0.9970436651,0.7028761991,-0.578569524,1.056447515
2022-03-10 21:05:00,83.94,25492,1.087084127,0.5576491645,-0.4818977384,0.6288051442
2022-03-10 21:10:00,83.8694,20812,1.0835747,0.4617794388,-0.4444449553,0.5531034243
2022-03-10 21:15:00,83.91,24289,0.9048827505,0.4979661254,-0.3854774967,0.4865358072
2022-03-10 21:20:00,83.93,40780,0.9646675374,0.472620973,-0.4435114233,0.4527370277
2022-03-10 21:25:00,84.02,46691,1.117515485,0.407391756,-0.4305625809,0.5436441483
2022-03-10 21:30:00,84.22,51883,1.254785844,0.5698833901,-0.4641140758,0.8105897113
2022-03-10 21:35:00,84.2,64306,1.123142116,0.5291519061,-0.5900207794,0.6828696909
2022-03-10 21:40:00,84.18,71288,0.8468607285,0.4444334549,-0.3010936569,0.4541291565
2022-03-10 21:45:00,84.1,76323,0.6925142298,0.6865246313,-0.3959785702,0.511048542
2022-03-10 21:50:00,84.22,107305,1.036743726,0.6600411676,-0.5984819777,1.085147116
2022-03-10 21:55:00,84.39,240759,0.8127471165,0.9081656735,-0.4125171542,0.8730278215
2022-03-10 22:00:00,84.31,14829,1.005963993,0.6771868961,-0.4641698238,0.9711183423
2022-03-11 15:20:00,84.4,1011,0.9277380266,0.6283775584,-0.426176311,0.7243081893
2022-03-11 15:25:00,84.4,0,0.6033870777,0.7659829025,-0.3475688814,0.6159577672
2022-03-11 15:30:00,84.88,110031,0.6234053819,0.787997918,-0.4382772714,0.6513344351
2022-03-11 15:35:00,84.8,41728,0.6419755626,0.6548953515,-0.4051485717,0.8716607652
2022-03-11 15:40:00,85.14,68603,0.5659990232,0.7769579446,-0.460556369,0.778384279
2022-03-11 15:45:00,84.87,46567,0.46474808,0.9486524769,-0.4069726532,0.7213208445
2022-03-11 15:50:00,84.74,42572,0.647338292,0.8081235395,-0.3784468443,0.6720403297
2022-03-11 15:55:00,84.79,33097,0.6760714337,0.95244891,-0.4701903157,0.7086772542
2022-03-11 16:00:00,84.59,91372,0.6441434709,1.282754116,-0.5159336428,1.025832175
2022-03-11 16:05:00,83.92,46702,0.5787108132,0.8576892206,-0.4932303711,0.7042640706
2022-03-11 16:10:00,83.71,33675,0.6268703165,0.9713661051,-0.3536579569,0.7632003028
2022-03-11 16:15:00,83.93,38266,0.6134227353,1.116151808,-0.452087815,0.6940825621
2022-03-11 16:20:00,84.0399,31167,0.9166347219,1.050559861,-0.5002540662,0.8529195596
2022-03-11 16:25:00,83.79,34444,0.7148532695,0.821930838,-0.4411616144,0.7701132997
2022-03-11 16:30:00,83.88,17121,0.7897391876,1.024450706,-0.5667495148,0.8457739336
2022-03-11 16:35:00,83.9,16708,0.6065741067,1.029471178,-0.5040323124,0.6961027656
2022-03-11 16:40:00,83.95,14509,0.8644529766,0.8895943894,-0.5682210851,1.277012361
2022-03-11 16:45:00,83.78,22980,0.7353646674,1.279241889,-0.5406622698,0.9077370841
2022-03-11 16:50:00,83.97,48862,0.5300166551,1.313818944,-0.4966370661,0.8121513255
2022-03-11 16:55:00,84.155,21591,0.649425733,1.057353349,-0.3856840575,0.7559658935
2022-03-11 17:00:00,84.2,23909,0.8279432434,1.096902239,-0.4688185978,0.8924060632
2022-03-11 17:05:00,84.27,14980,0.8196276086,1.23334885,-0.5252092639,0.8598813164
2022-03-11 17:10:00,84.19,16487,1.168674767,0.7169623544,-0.4769623022,0.7345342894
2022-03-11 17:15:00,84.18,17136,0.7528622689,0.8512585896,-0.4710329516,0.8962284576
2022-03-11 17:20:00,84.27,18834,0.9508726848,0.8355817523,-0.4061042797,0.7035048506
2022-03-11 17:25:00,84.32,18710,0.8016863828,0.779774676,-0.364662531,0.6513458523
2022-03-11 17:30:00,84.3,19638,0.9171655907,0.7526218055,-0.388735215,0.5544874068
2022-03-11 17:35:00,84.17,16125,0.7148611411,0.8641137866,-0.4456373023,0.6779914574
2022-03-11 17:40:00,84.28,24383,0.5436513342,0.7405492764,-0.3294671368,0.7239220145
2022-03-11 17:45:00,84.3,14995,0.6266058907,0.7875006378,-0.3379530833,0.6623705002
2022-03-11 17:50:00,84.36,31129,0.6565080078,0.9823393311,-0.4482505618,0.7937363989
2022-03-11 17:55:00,84.53,20881,0.5634695605,1.174478683,-0.4210108108,0.7419976455
2022-03-11 18:00:00,84.35,35467,0.8662462167,0.9745356342,-0.5941251344,0.9502736619
2022-03-11 18:05:00,84.3,18700,0.6038228881,0.988993734,-0.4155344171,0.7108621327
2022-03-11 18:10:00,84.11,14929,0.7140783097,1.018203108,-0.5848260309,0.7659539914
2022-03-11 18:15:00,84.18,24773,0.9332040706,0.836040733,-0.469998946,0.7132440339
2022-03-11 18:20:00,84.33,36745,0.6287674531,1.208105471,-0.6132505955,0.7548922276
2022-03-11 18:25:00,84.36,18817,0.640245913,0.8077867609,-0.4409158969,0.580911767
2022-03-11 18:30:00,84.09,17609,0.6866362991,1.111358006,-0.5861359014,0.8194746288
2022-03-11 18:35:00,84.2,24149,0.5524919597,0.9592419921,-0.5219902654,0.7874654724
2022-03-11 18:40:00,84.18,13682,0.5376213957,0.9116690738,-0.3828012599,0.6060900987
2022-03-11 18:45:00,84.21,23866,0.9207448128,0.8325285147,-0.4411723267,0.9405374387
2022-03-11 18:50:00,84.3,16639,0.7321329869,0.8655720488,-0.3685882058,0.6701028835
2022-03-11 18:55:00,84.25,19243,0.8345327268,0.9752688282,-0.542662778,0.8263928986
2022-03-11 19:00:00,84.245,19382,0.6822685711,0.8800716702,-0.4429029837,0.8407019484
2022-03-11 19:05:00,84.34,18371,0.8810246632,0.8930722473,-0.4540132569,0.7634417486
2022-03-11 19:10:00,84.36,14846,0.5219462553,0.8379256256,-0.3267766005,0.5423678896
2022-03-11 19:15:00,84.42,18683,0.6721177671,1.110719921,-0.445809134,0.742560897
2022-03-11 19:20:00,84.5982,22189,0.8406519181,0.911831719,-0.5488135599,0.7726628158
2022-03-11 19:25:00,84.58,22461,0.8357789283,0.9035047774,-0.5006123404,0.8175383098
2022-03-11 19:30:00,84.66,22395,0.6797268063,0.9297337908,-0.3819639348,0.6748454066
2022-03-11 19:35:00,84.68,19800,0.5227448372,0.8840778693,-0.2737087436,0.565584769
2022-03-11 19:40:00,84.76,19122,0.6972604322,0.8375300881,-0.5073010583,0.6467386188
2022-03-11 19:45:00,84.71,22833,0.6734117872,0.6160850798,-0.3242481736,0.5151888039
2022-03-11 19:50:00,84.7512,50023,0.5719374437,1.135549252,-0.4555575196,0.671594961
2022-03-11 19:55:00,84.55,31902,0.6999002583,0.8101671303,-0.3585296264,0.6900941097
2022-03-11 20:00:00,84.56,23475,0.7897846475,0.8429228785,-0.4208759876,0.8092252451
2022-03-11 20:05:00,84.67,24864,0.6747457036,0.9927445244,-0.6047801778,0.7909420975
2022-03-11 20:10:00,84.52,24244,0.6339611864,0.8351291507,-0.4294196587,0.8988414138
2022-03-11 20:15:00,84.4,21665,0.7804507532,0.9604006813,-0.4692416977,0.7886351382
2022-03-11 20:20:00,84.48,14703,0.8478876139,0.6563172904,-0.4403478793,0.6533317782
2022-03-11 20:25:00,84.46,19963,0.7908776029,0.6621267226,-0.4177035886,0.6166851996
2022-03-11 20:30:00,84.6,26054,0.8988086427,0.9754074146,-0.5320108186,1.116802935
2022-03-11 20:35:00,84.58,15675,0.4780556454,1.057839575,-0.412781606,0.626342281
2022-03-11 20:40:00,84.445,16203,0.7827103975,0.8814134901,-0.5548066076,0.7863712467
2022-03-11 20:45:00,84.38,15225,0.7369248753,0.7332578266,-0.3324119654,0.7188255365
2022-03-11 20:50:00,84.39,22625,0.6996009747,0.8350584253,-0.5575609192,0.7171932852
2022-03-11 20:55:00,84.32,20073,0.5759164903,0.8273817354,-0.4537128296,0.7347887976
2022-03-11 21:00:00,84.36,16105,0.5277392216,0.9687227443,-0.4056930245,0.8724419593
2022-03-11 21:05:00,84.26,22806,0.6800606564,0.808119651,-0.3555945636,0.5853028854
2022-03-11 21:10:00,84.24,18682,1.012362526,0.7246652768,-0.4946558466,0.815751701
2022-03-11 21:15:00,84.245,30675,0.6213134163,0.763777749,-0.4292371463,0.7389793927
2022-03-11 21:20:00,84.27,39367,0.7130000677,0.6211807869,-0.3615595246,0.6549513777
2022-03-11 21:25:00,84.25,32442,1.122066761,0.6274032563,-0.431817137,0.6812304216
2022-03-11 21:30:00,84.16,45137,0.7057340142,0.7644861714,-0.438419139,0.5271611285
2022-03-11 21:35:00,84.125,40814,0.9255305496,0.6491506536,-0.4895643102,0.704107074
2022-03-11 21:40:00,83.94,37932,0.7351742155,0.617140896,-0.2074755617,0.6528491509
2022-03-11 21:45:00,83.89,96585,0.6584318545,0.2281945058,0.002335638822,0.4966185746
2022-03-11 21:50:00,83.83,211434,0.4782355695,0.4411801883,-0.2223873257,0.5057203227
2022-03-11 21:55:00,83.74,245123,0.4067614064,0.9336725199,-0.3338672873,0.6625986381
2022-03-11 22:00:00,83.6,32959,0.4901791179,0.6743726431,-0.3505624454,0.773350441
2022-03-14 14:20:00,84.35,0,0.7714789918,1.169906353,-0.3322827914,1.542623996
2022-03-14 14:25:00,84.48,2665,0.7572503894,0.9087695702,-0.3018493593,0.692437145
2022-03-14 14:30:00,84,141517,1.053115708,1.177358569,-0.5566957532,1.002594945
2022-03-14 14:35:00,82.9303,47103,0.6941476281,1.074527855,-0.4580693674,0.8813737457
2022-03-14 14:40:00,82.41,84278,1.138136451,0.7956660124,-0.6425215805,0.9235830314
2022-03-14 14:45:00,81.93,49712,0.7780481145,0.8712748599,-0.5621810583,0.7044661017
2022-03-14 14:50:00,81.4,54775,0.6971940738,0.5363251299,-0.2274074822,0.6226607531
2022-03-14 14:55:00,81.66,57167,0.4685490946,0.6543183101,-0.2508075271,0.7709491933
2022-03-14 15:00:00,81.62,42922,0.8315961205,0.7395022792,-0.3446386034,0.7233936654
2022-03-14 15:05:00,81.44,54753,1.246814201,0.3505948418,-0.2736602731,0.8950091484
2022-03-14 15:10:00,81.7,35427,0.7209206462,0.921496585,-0.4881860893,0.654058606
2022-03-14 15:15:00,81.8,45031,0.5209335024,1.080695796,-0.3604324599,0.7606503582
2022-03-14 15:20:00,81.96,106266,0.5030398526,1.32888249,-0.4300543321,0.9032427706
2022-03-14 15:25:00,82.51,43047,0.4493554908,1.483161397,-0.5940946625,0.962288848
2022-03-14 15:30:00,82.535,31432,0.6199797526,1.24461179,-0.6379394565,1.091441185
2022-03-14 15:35:00,82.65,28374,0.7861384314,0.9487999568,-0.4492814976,0.7254957738
2022-03-14 15:40:00,82.64,33464,0.6566793953,0.825253101,-0.3136186427,0.6921282239
2022-03-14 15:45:00,83.025,34957,0.5263725395,0.9806687304,-0.3754444238,0.6745169527
2022-03-14 15:50:00,83.17,31605,0.7115706393,0.8561183038,-0.3371056014,0.7150917548
2022-03-14 15:55:00,83.265,28311,0.5959332023,1.084054047,-0.5711487116,0.6437415227
2022-03-14 16:00:00,83.35,29932,0.6867820978,1.411507991,-0.4653351249,0.9648199396
2022-03-14 16:05:00,83.2801,28077,0.8637407848,0.978580043,-0.3613745685,0.6769868861
2022-03-14 16:10:00,83.51,39633,0.9693178547,0.8382469784,-0.5175038906,0.6756952188
2022-03-14 16:15:00,83.71,22432,0.8710720533,1.260229639,-0.5011946459,0.8699426809
2022-03-14 16:20:00,83.75,21485,0.8962907667,0.8030862849,-0.4571186478,0.7060073437
2022-03-14 16:25:00,83.74,23304,0.9606558447,0.9435974773,-0.5591304572,0.8584653285
2022-03-14 16:30:00,83.77,31322,1.324046126,0.8905272872,-0.75127728,0.955117626
2022-03-14 16:35:00,83.7,35706,0.7691403157,0.9519984427,-0.4577152055,0.8550165981
2022-03-14 16:40:00,83.56,45364,1.254235275,0.6743603095,-0.4608434528,1.21431961
2022-03-14 16:45:00,83.365,25235,0.8926657956,0.9082755779,-0.5258196726,0.8405070156
2022-03-14 16:50:00,83.23,22884,0.7370776183,0.9371863804,-0.4250554732,0.9067504585
2022-03-14 16:55:00,83.33,21385,0.6185426398,0.8334563468,-0.4300350134,0.7719342687
2022-03-14 17:00:00,83.515,21086,0.8892751356,0.7029414446,-0.487621375,0.9950075308
2022-03-14 17:05:00,83.17,37208,1.138343979,0.8482942661,-0.5290047774,1.085608406
2022-03-14 17:10:00,83.135,45625,0.8782343202,1.319960115,-0.7273534465,1.498521368
2022-03-14 17:15:00,82.9,54004,0.7174515901,0.6211288873,-0.2858568489,0.5445817659
2022-03-14 17:20:00,82.97,19109,0.4539244668,0.9278811473,-0.3879700487,0.7408632893
2022-03-14 17:25:00,83.02,32008,0.4918326167,0.6791115022,-0.2757446272,0.6564056511
2022-03-14 17:30:00,83.05,83274,0.5789795325,0.6696368825,-0.2931914691,0.5675445373
2022-03-14 17:35:00,82.97,44259,0.6760286708,0.6880004931,-0.3430401764,0.5794289938
2022-03-14 17:40:00,82.98,59366,0.6851712154,0.7417679663,-0.2976017402,0.5045335703
2022-03-14 17:45:00,82.815,61320,0.6299943163,0.7865551001,-0.417339451,0.9342830631
2022-03-14 17:50:00,82.98,32906,0.605468174,1.037953195,-0.5057039472,1.16293245
2022-03-14 17:55:00,82.68,39937,0.7433413527,0.8203529949,-0.351502177,0.6303125389
2022-03-14 18:00:00,82.73,30003,0.5040352005,0.8951648213,-0.3532428082,0.6243405161
2022-03-14 18:05:00,82.55,17452,0.7855458871,0.865498978,-0.3953386381,0.7398000122
2022-03-14 18:10:00,82.68,24586,0.7056889347,0.7257933667,-0.3822083159,0.6019225393
2022-03-14 18:15:00,82.705,27150,0.5940929093,0.7591479773,-0.3843288336,0.6202979107
2022-03-14 18:20:00,82.74,45197,0.634834966,0.5826481209,-0.3594355229,0.7527039308
2022-03-14 18:25:00,82.605,26466,0.6327495438,0.8632139996,-0.4824816978,0.6749147876
2022-03-14 18:30:00,82.51,48971,0.7925086635,0.9353027185,-0.4689543068,0.9156055358
2022-03-14 18:35:00,82.45,69766,0.6411382874,0.7565534681,-0.3101079129,0.6510486771
2022-03-14 18:40:00,82.44,17750,0.7611128234,0.8186586558,-0.423614678,0.856042397
2022-03-14 18:45:00,82.35,35867,0.7305641212,0.7464730111,-0.3339596191,0.7064112726
2022-03-14 18:50:00,82.28,21386,0.6876915235,0.7001937655,-0.3509130259,0.7083834043
2022-03-14 18:55:00,82.38,22799,0.5578282684,0.9368714768,-0.3885768396,0.6334060492
2022-03-14 19:00:00,82.37,44665,0.7422006393,0.8631452965,-0.3463746538,0.7731147052
2022-03-14 19:05:00,82.38,64486,0.5858764632,0.9568737783,-0.3873887525,0.8479324097
2022-03-14 19:10:00,82.44,28733,0.7000185433,0.8365575747,-0.2953366257,1.002218542
2022-03-14 19:15:00,82.35,12775,0.7605686753,0.7483181213,-0.4881817427,0.7978354126
2022-03-14 19:20:00,82.4095,30055,0.5747412064,0.9843412189,-0.3245663874,0.7828789864
2022-03-14 19:25:00,82.31,15185,0.8595674938,0.6815109534,-0.4153176533,0.6343318003
2022-03-14 19:30:00,82.09,22859,1.042544283,0.7261824667,-0.4563912581,0.965519856
2022-03-14 19:35:00,81.86,38036,0.841777529,0.8178514178,-0.4680205173,0.6305137112
2022-03-14 19:40:00,81.96,15823,0.6954529369,0.9022733027,-0.3757915883,0.5028435863
2022-03-14 19:45:00,82.03,11283,0.7406985325,0.8894085983,-0.5309643997,0.9433390899
2022-03-14 19:50:00,81.89,22190,0.6750436373,0.6670606497,-0.2487787298,0.5087010246
2022-03-14 19:55:00,81.92,16759,0.5330138089,0.6548885032,-0.3385220264,0.6213313925
2022-03-14 20:00:00,81.99,20779,0.8025714195,0.7550760761,-0.3912684154,0.7303020167
2022-03-14 20:05:00,82.05,13801,0.7421590836,0.6393017758,-0.36564448,0.4764696294
2022-03-14 20:10:00,81.88,15469,0.9171393437,0.5718257038,-0.4335388536,0.6491252531
2022-03-14 20:15:00,82.1,23548,0.8742189232,0.557026537,-0.2976217915,0.5399212829
2022-03-14 20:20:00,82.22,18780,0.945452606,0.5323150548,-0.4093412329,0.5701907812
2022-03-14 20:25:00,82.3,24253,0.9210537152,0.7004826281,-0.4223690128,0.7695888626
2022-03-14 20:30:00,82.28,35864,0.8505646127,0.6746675797,-0.4503372935,0.5902949034
2022-03-14 20:35:00,82.31,54546,1.08893224,0.6495128082,-0.4186171723,0.6452928902
2022-03-14 20:40:00,82.37,83704,0.786141055,0.4952495058,-0.3271490147,0.515884651
2022-03-14 20:45:00,82.47,62354,0.959299361,0.572819648,-0.3350737,0.6280063926
2022-03-14 20:50:00,82.39,94221,0.9286115042,0.5155369473,-0.4109305832,0.5184374912
2022-03-14 20:55:00,82.43,174954,0.9291919533,0.5226004845,-0.3255046578,0.4933023354
2022-03-14 21:00:00,82.57,54974,0.8358636547,0.7651976559,-0.4668884256,0.7373861006
2022-03-15 14:20:00,82.56,0,0.5518690639,0.8325517381,-0.3436622205,0.8912812915
2022-03-15 14:25:00,82.54,201,1.030168618,1.273967355,-0.4210328578,1.249145707
2022-03-15 14:30:00,82.53,126655,1.121019446,0.5231172727,-0.1856320861,0.9128628903
2022-03-15 14:35:00,82.38,41682,0.4721057322,0.943598878,-0.2686805003,0.7849972494
2022-03-15 14:40:00,82.67,38035,0.5593161512,0.4836172414,-0.1396216071,0.5802883566
2022-03-15 14:45:00,82.15,66942,0.9563282319,0.9992078051,-0.4347578506,0.6862695161
2022-03-15 14:50:00,82.14,34927,0.9849367796,0.7508798945,-0.3714629903,0.5130653709
2022-03-15 14:55:00,81.7004,30996,1.019447551,1.045522134,-0.6273962429,1.331371009
2022-03-15 15:00:00,81.9175,45828,1.119488072,0.7065536608,-0.4528759393,0.5964142409
2022-03-15 15:05:00,82.005,22681,0.8997306818,1.023902488,-0.5737200437,0.8705900799
2022-03-15 15:10:00,81.53,25899,0.68776394,1.471772037,-0.6014281069,1.123312482
2022-03-15 15:15:00,81.86,19377,0.5332663156,1.302739741,-0.5736808104,0.7713910981
2022-03-15 15:20:00,81.83,19073,0.827827204,1.347270564,-0.6073855856,0.9149503917
2022-03-15 15:25:00,81.9935,48036,1.044718796,0.9692229049,-0.2792849557,1.096475226
2022-03-15 15:30:00,82.16,31805,1.334383373,0.9942924578,-0.7422684554,1.494584733
2022-03-15 15:35:00,82.3501,25975,0.7830359169,1.051660623,-0.429700604,0.6590195109
2022-03-15 15:40:00,82.14,58474,0.7419507303,0.964233341,-0.2874590976,0.6106652179
2022-03-15 15:45:00,81.93,41682,0.9930187437,1.245704647,-0.7546597776,1.24700889
2022-03-15 15:50:00,81.71,33394,0.8760807096,1.442320302,-0.4930167687,1.197719575
2022-03-15 15:55:00,81.6715,25348,0.9045839946,1.340505638,-0.411448569,0.6781556868
2022-03-15 16:00:00,81.71,27431,1.223305935,0.9309055586,-0.4592464242,1.294160457
2022-03-15 16:05:00,81.83,18841,0.596849472,1.079568085,-0.3915256015,0.7727927427
2022-03-15 16:10:00,81.93,28359,0.8378446958,1.22001948,-0.6377137379,0.8603394849
2022-03-15 16:15:00,81.84,21491,1.127019235,0.9881959566,-0.4225177182,0.6287279308
2022-03-15 16:20:00,81.92,17287,1.058451761,1.226360965,-0.6874383092,1.03985809
2022-03-15 16:25:00,82.0473,16923,1.262237811,1.184154015,-0.7525808919,1.164995699
2022-03-15 16:30:00,82.21,15892,0.7718364479,1.004931646,-0.4140855525,0.7846915449
2022-03-15 16:35:00,82.2,21285,0.7357817354,0.66550319,-0.3476553791,0.8378177072
2022-03-15 16:40:00,82.27,24674,1.668513414,1.006370944,-0.915522085,1.484148225
2022-03-15 16:45:00,82.517,18313,1.617047437,1.553263439,-0.5034696031,1.07020375
2022-03-15 16:50:00,82.64,22505,0.9475148309,1.048829451,-0.6159457504,1.741577751
2022-03-15 16:55:00,82.47,40231,0.5653669206,1.498579012,-0.4680836111,1.308208887
2022-03-15 17:00:00,82.45,19276,0.7539202341,1.149364059,-0.6331925523,1.431872177
2022-03-15 17:05:00,82.4,17510,0.8216739613,0.9769419492,-0.5479165759,0.8433365363
2022-03-15 17:10:00,82.62,45048,0.6608779732,1.067568119,-0.1947336025,0.6123584722
2022-03-15 17:15:00,82.41,50853,0.8535288286,0.8773766236,-0.3637655014,0.7699407063
2022-03-15 17:20:00,82.64,26494,0.706350537,1.463453094,-0.5402497655,1.12698813
2022-03-15 17:25:00,82.8158,23029,0.7847191735,1.087158398,-0.547756211,0.6724959992
2022-03-15 17:30:00,82.9273,28779,1.239129634,1.347809827,-0.7974659078,1.405056565
2022-03-15 17:35:00,82.79,13578,0.4523472921,0.8423746872,-0.3664516421,0.7888714933
2022-03-15 17:40:00,82.84,76604,1.076507416,0.6216855985,-0.3742790751,1.211565512
2022-03-15 17:45:00,82.64,20717,0.8396633999,0.8826190352,-0.1679140472,0.60016861
2022-03-15 17:50:00,82.58,16369,0.4137496408,1.841069709,-0.4344156953,0.7958083272
2022-03-15 17:55:00,82.51,16521,1.26104248,0.7711866396,-0.572740842,1.599713466
2022-03-15 18:00:00,82.64,33538,1.295509169,0.905860521,-0.6314000048,1.438712821
2022-03-15 18:05:00,82.67,16559,0.9005915536,0.6388859357,-0.232413393,0.4276916231
2022-03-15 18:10:00,82.48,32600,1.130145007,0.7174554934,-0.1988026975,0.4710637843
2022-03-15 18:15:00,82.52,14137,0.7700689583,0.7165257635,-0.3577391826,0.5376400742
2022-03-15 18:20:00,82.48,19729,0.6499697112,0.9796345688,-0.4023982976,1.019847406
2022-03-15 18:25:00,82.52,23790,1.141738757,1.411035419,-0.4664782564,0.9329216267
2022-03-15 18:30:00,82.385,14260,0.8275318822,1.012333255,-0.3996379787,0.6772945511
2022-03-15 18:35:00,82.26,15797,0.975046597,0.8752555214,-0.5744591699,0.7594058062
2022-03-15 18:40:00,82.2154,17984,1.310250757,1.251816516,-0.5927997376,1.28620741
2022-03-15 18:45:00,82.5,9690,0.9014032301,0.9595480361,-0.2842456586,0.4499774336
2022-03-15 18:50:00,82.63,14505,0.3762917427,1.479026518,-0.3901612177,0.6304778773
2022-03-15 18:55:00,82.67,12297,0.8639921941,0.6314203668,-0.3563184434,0.3364308946
2022-03-15 19:00:00,82.69,18652,1.17808829,0.5025498901,-0.2079072586,0.7410687295
2022-03-15 19:05:00,82.55,25099,1.302816207,0.6081286849,-0.4783031598,0.7346201631
2022-03-15 19:10:00,82.665,18214,1.011932387,0.6566082557,-0.4278671689,0.4311170705
2022-03-15 19:15:00,82.64,20122,0.9677919737,1.019369597,-0.5119279135,0.6199291762
2022-03-15 19:20:00,82.59,19244,1.328388298,0.4693402382,-0.4157801215,0.39829707
2022-03-15 19:25:00,82.65,15399,1.350222737,0.6376117862,-0.5582092445,0.4484234598
2022-03-15 19:30:00,82.63,26519,1.199378447,0.538772875,-0.4433958788,0.6410652935
2022-03-15 19:35:00,82.85,16907,1.289400009,0.4688941076,-0.4170907263,0.4063599676
2022-03-15 19:40:00,82.785,19253,1.284733504,0.2500912482,-0.348277498,0.5620245566
2022-03-15 19:45:00,82.8,16210,1.361396446,0.5019626845,-0.6022151832,0.7670376693
2022-03-15 19:50:00,82.94,17726,1.204449486,0.5081857669,-0.495344872,0.5266527531
2022-03-15 19:55:00,82.98,35113,1.037370498,0.5988404488,-0.4495937288,0.4137167376
2022-03-15 20:00:00,83.11,51895,1.105573216,0.5309040524,-0.4127578362,0.4264874757
2022-03-15 20:05:00,83.27,41025,1.026953507,0.4702053991,-0.5355099807,0.465965159
2022-03-15 20:10:00,83.24,18556,0.9541367626,0.7499613693,-0.5557552055,0.5543907595
2022-03-15 20:15:00,83.23,20664,0.5471002946,1.120479814,-0.2857764368,0.6572556387
2022-03-15 20:20:00,83.255,19707,1.16970634,0.7207238354,-0.5637352321,0.6144888421
2022-03-15 20:25:00,83.265,16805,0.5774176912,1.201431353,-0.515933253,0.6338481175
2022-03-15 20:30:00,83.15,35777,0.7886100859,1.218015219,-0.5115712458,0.8045454603
2022-03-15 20:35:00,83.03,42186,0.1046772009,1.31819718,-0.4185688999,0.6179390129
2022-03-15 20:40:00,83.09,57261,0.7656261828,0.9330708294,-0.5398922346,0.6804544229
2022-03-15 20:45:00,83.06,84308,0.4826011684,0.9077328006,-0.3185859402,0.5220097534
2022-03-15 20:50:00,83.01,132548,0.9191607748,0.5774230996,-0.1573934399,0.5851554622
2022-03-15 20:55:00,82.87,382989,0.7636841256,0.7693935645,-0.6233242395,0.5482534997
2022-03-15 21:00:00,82.81,51562,0.8031342684,1.129143318,-0.4511692417,0.5423212649
2022-03-16 14:20:00,83.6,250,0.9660352756,0.6732641022,-0.1799048761,0.741621871
2022-03-16 14:25:00,83.26,1245,0.7290934681,0.9306947267,-0.5310961991,1.51115244
2022-03-16 14:30:00,82.9,119179,0.7279645869,1.017425146,-0.4230686368,0.7239383953
2022-03-16 14:35:00,82.46,51310,0.568534471,0.9616495918,-0.3897727342,0.8089496171
2022-03-16 14:40:00,82.3535,61654,0.5449777017,0.8748293596,-0.4533715897,0.8690241783
2022-03-16 14:45:00,82.11,88042,1.407345157,0.8575099818,-0.6741860458,1.031218116
2022-03-16 14:50:00,81.8728,46306,0.4463195868,1.3997892,-0.4183492184,0.8273452198
2022-03-16 14:55:00,81.75,56163,0.6728703485,1.077683514,-0.5881353006,0.9898053169
2022-03-16 15:00:00,82.07,65176,0.7530792379,1.557660105,-0.6129639577,1.408763791
2022-03-16 15:05:00,82.05,29115,0.8521269074,1.015322958,-0.3848577171,0.9242509504
2022-03-16 15:10:00,81.905,41175,0.7529302544,0.769466979,-0.1981175403,0.4508265955
2022-03-16 15:15:00,82.42,75966,1.272348625,1.18567151,-0.5591584016,0.8781495071
2022-03-16 15:20:00,82.59,82341,0.9608540201,1.07980806,-0.292086194,0.9156756358
2022-03-16 15:25:00,82.195,63899,0.9868049295,0.6609629127,-0.4789321361,0.8440440308
2022-03-16 15:30:00,81.785,49205,1.220132992,1.074720801,-0.5023693505,1.2233742
2022-03-16 15:35:00,81.65,72405,0.7849434732,0.8650536717,-0.3845275164,0.660605653
2022-03-16 15:40:00,81.27,113431,1.021965162,1.174983187,-0.3055180216,0.5380748702
2022-03-16 15:45:00,80.92,97433,1.150432024,1.095638992,-0.4994705556,1.00214108
2022-03-16 15:50:00,80.695,162208,0.7722299835,1.404530163,-0.3484663837,0.9825772884
2022-03-16 15:55:00,80.32,94974,0.986955139,1.340191529,-0.3996354455,0.9516003189
2022-03-16 16:00:00,81.05,44792,0.7662217006,1.02234075,-0.5096316316,0.6333450588
2022-03-16 16:05:00,81.2,39364,0.8163294103,0.8954985871,-0.4985223989,0.7395805337
2022-03-16 16:10:00,81.29,31418,1.012347014,1.045682576,-0.4893157458,1.238959525
2022-03-16 16:15:00,81.4,63595,0.9859861315,0.9202948372,-0.531235703,1.033399903
2022-03-16 16:20:00,81.04,54250,0.5826577965,1.394322343,-0.4577335947,0.7448164996
2022-03-16 16:25:00,80.93,47734,0.628528062,1.182486742,-0.5283765747,1.082318824
2022-03-16 16:30:00,80.89,46803,0.7604122155,1.025972517,-0.4256977896,1.03706721
2022-03-16 16:35:00,80.9,71408,1.073341067,0.9015935222,-0.4175516205,1.012820468
2022-03-16 16:40:00,81.18,25616,0.6991771937,0.8497314698,-0.3043043684,0.5752707202
2022-03-16 16:45:00,80.9416,24879,0.7832198715,1.021652774,-0.5307177375,1.010644456
2022-03-16 16:50:00,81.0789,22654,0.8078601855,0.7233027739,-0.2689802414,0.5613515586
2022-03-16 16:55:00,81.05,19832,0.6858906522,0.96921593,-0.3167992738,0.6725781828
2022-03-16 17:00:00,81.13,29513,1.205098936,0.8297670833,-0.5520654382,1.09822715
2022-03-16 17:05:00,81.205,22341,0.8043904569,0.9401719993,-0.4189137786,0.9499700438
2022-03-16 17:10:00,81.2,17766,0.7414877243,1.268385218,-0.3425397757,0.970438795
2022-03-16 17:15:00,81.25,20255,0.4530966672,1.204731943,-0.3613227625,0.7016879913
2022-03-16 17:20:00,81.12,19425,0.5806891351,1.081673228,-0.4400426036,1.101353222
2022-03-16 17:25:00,80.88,34730,0.6787503191,0.7414011427,-0.3041546531,0.7706410482
2022-03-16 17:30:00,80.85,43057,0.801462498,0.8754654957,-0.4002189731,0.6892365754
2022-03-16 17:35:00,81.15,19307,1.017722975,0.5998932103,-0.3567312885,0.7723144928
2022-03-16 17:40:00,81.05,28849,0.7043634504,0.9914890142,-0.4351591955,0.8986415678
2022-03-16 17:45:00,80.92,21309,0.9162944251,1.155157341,-0.5118943287,0.8915572721
2022-03-16 17:50:00,80.77,15344,0.7705025681,1.177208847,-0.4206345099,0.8782526751
2022-03-16 17:55:00,80.83,31916,0.8167804665,0.978722314,-0.5917256691,0.8260302995
2022-03-16 18:00:00,80.9774,67255,0.8572498627,0.9259282575,-0.4606774474,1.047390033
2022-03-16 18:05:00,80.93,25830,0.7186373656,0.729090818,-0.4614108714,0.7824892548
2022-03-16 18:10:00,80.84,18126,1.003910948,0.8791934918,-0.4923418946,1.084746712
2022-03-16 18:15:00,80.74,20485,0.9269841152,1.05209542,-0.3905153602,0.7119445968
2022-03-16 18:20:00,80.79,17968,0.5580555804,0.8927448188,-0.339790895,0.7180373253
2022-03-16 18:25:00,80.9,20962,1.010811479,0.6479378392,-0.3738223268,0.591829227
2022-03-16 18:30:00,80.7846,25626,0.72721091,1.109567648,-0.3864422897,0.7486589328
2022-03-16 18:35:00,80.75,13048,0.5800931253,0.9438224426,-0.4399781335,0.9907547763
2022-03-16 18:40:00,80.7,21647,1.008100794,0.7931525147,-0.5161060343,0.8183550462
2022-03-16 18:45:00,80.66,16102,0.8579666652,0.8344166865,-0.5065606088,0.70924887
2022-03-16 18:50:00,80.58,59898,0.6503003839,1.009642488,-0.4817842069,0.8506386678
2022-03-16 18:55:00,80.59,31528,0.7472950087,0.9566928911,-0.3813324263,0.6023488735
2022-03-16 19:00:00,80.58,35348,0.6928234757,0.8926182109,-0.4468972712,0.8377309334
2022-03-16 19:05:00,80.53,35733,0.663448742,0.9742918689,-0.464133138,0.6687235852
2022-03-16 19:10:00,80.28,81169,0.8121983372,0.8336899109,-0.4980362225,0.7805801744
2022-03-16 19:15:00,80.405,44679,0.6881883148,0.9592721487,-0.4630608589,1.049978596
2022-03-16 19:20:00,80.495,29806,0.8430195976,0.9111299879,-0.4583797786,0.7760800934
2022-03-16 19:25:00,80.34,83260,0.8375818675,0.9479121582,-0.5679266884,0.7765826616
2022-03-16 19:30:00,80.37,56426,0.7452394962,1.177974966,-0.6180923722,0.9566519761
2022-03-16 19:35:00,80.17,78578,0.8874207902,0.7815432287,-0.5974999821,0.7396766574
2022-03-16 19:40:00,80.57,154908,0.6369793346,0.9808054792,-0.423474414,0.6374568659
2022-03-16 19:45:00,80.94,63471,0.8158330394,0.8919460058,-0.3880561355,0.6513294006
2022-03-16 19:50:00,81.07,44864,0.7830611045,1.005704741,-0.4913237419,0.7406986289
2022-03-16 19:55:00,81.18,44074,0.9406325136,0.7379887782,-0.4777984787,0.687380356
2022-03-16 20:00:00,80.81,38988,0.7764584613,0.9087630412,-0.5381386038,0.9336932023
2022-03-16 20:05:00,80.74,51881,0.5800890948,0.7472651939,-0.2799966969,0.6808291947
2022-03-16 20:10:00,80.62,47281,0.5301011424,0.8092443872,-0.4328904648,0.8032944964
2022-03-16 20:15:00,80.57,48184,0.9325505141,0.6894024538,-0.4618912118,0.7590607398
2022-03-16 20:20:00,80.66,52340,0.8754663948,0.6961285197,-0.4296792445,0.9225762381
2022-03-16 20:25:00,80.705,84108,0.8786380717,0.7938991705,-0.4807174015,0.6174367747
2022-03-16 20:30:00,80.74,75887,1.038495997,0.997290476,-0.669108506,0.9591585769
2022-03-16 20:35:00,80.68,59789,0.6105976868,1.151278357,-0.6709225578,0.9631004506
2022-03-16 20:40:00,80.84,76806,0.812391409,0.8334328773,-0.4697834808,0.7258890859
2022-03-16 20:45:00,80.81,100654,0.798544616,0.9384565423,-0.5791306779,0.829588854
2022-03-16 20:50:00,81.16,100127,0.5897576315,1.187096261,-0.5229046015,0.5854320132
2022-03-16 20:55:00,81.21,270806,0.6942761986,0.84869651,-0.3894985793,0.5902548109
2022-03-16 21:00:00,81.45,200907,0.61299262,1.194386623,-0.6751544214,0.9051860269
2022-03-17 14:20:00,81.6,2100,0.7947366233,1.141045933,-0.4100087044,0.7755991491
2022-03-17 14:25:00,81.81,1432,1.01878304,0.7976715953,-0.3995166887,1.238132065
2022-03-17 14:30:00,81.76,113874,0.7515623736,0.8461491238,-0.2929619106,0.9944091422
2022-03-17 14:35:00,82.27,69154,0.6483329765,1.120358531,-0.2538238626,0.9632508277
2022-03-17 14:40:00,82.34,59957,0.7845961662,1.011349846,-0.4441415964,0.9694486175
2022-03-17 14:45:00,82.59,45079,0.8961199113,1.025726085,-0.5327190117,0.9880432787
2022-03-17 14:50:00,82.9,21588,0.8639940294,1.208468314,-0.7080178443,1.211035198
2022-03-17 14:55:00,82.53,51861,0.9734381809,0.9993929124,-0.5237217613,0.9201466154
2022-03-17 15:00:00,82.6,58509,0.9881898873,0.9668167408,-0.5178562349,1.025994282
2022-03-17 15:05:00,82.39,148595,1.046218742,1.036858475,-0.5039727008,0.8856416997
2022-03-17 15:10:00,82.58,46380,0.9293344812,0.9217067291,-0.3135699367,0.7544867732
2022-03-17 15:15:00,82.84,55496,0.4846259035,0.9125391942,-0.7105799108,0.9822606119
2022-03-17 15:20:00,83.135,36423,0.6043060561,1.100543746,-0.9180212795,1.105907165
2022-03-17 15:25:00,83.29,42277,0.7617008863,0.941996336,-0.7771702684,1.089077539
2022-03-17 15:30:00,83.195,48020,0.7083035392,1.393133677,-0.7735195826,1.362167513
2022-03-17 15:35:00,83.17,34609,0.7155509918,0.8000839642,-0.4647553096,0.7560716281
2022-03-17 15:40:00,83.065,61017,1.046970427,0.8677455621,-0.7816562064,0.9893941909
2022-03-17 15:45:00,83.02,58479,0.7521289108,1.108165828,-0.6796414932,1.237073483
2022-03-17 15:50:00,82.94,31695,0.7395178865,0.8210842348,-0.366247904,0.565585601
2022-03-17 15:55:00,82.99,35042,1.114891697,0.8282439173,-0.5680607565,0.7011839806
2022-03-17 16:00:00,82.9,54124,1.12158901,0.7988772047,-0.5364010142,0.8444930744
2022-03-17 16:05:00,83.05,28539,1.258709224,0.8017669882,-0.6531697553,1.348305698
2022-03-17 16:10:00,82.94,27597,0.924982865,1.289952044,-0.7401537679,0.9418363417
2022-03-17 16:15:00,82.89,33741,0.6064880684,0.8667244384,-0.3558793315,0.840023084
2022-03-17 16:20:00,82.92,23058,0.7529932747,1.04587031,-0.3397761628,0.7857512323
2022-03-17 16:25:00,83.03,24879,0.637419296,0.8678837098,-0.3616009202,0.7565207837
2022-03-17 16:30:00,83.08,50185,0.7985345939,0.8878732803,-0.455315977,1.090487763
2022-03-17 16:35:00,82.91,31179,1.083725472,0.9082892037,-0.5807237334,1.020446578
2022-03-17 16:40:00,83.08,27944,0.8941641935,0.9852797815,-0.5433386162,0.9129184837
2022-03-17 16:45:00,83.06,18794,0.6973852773,1.023062474,-0.6702277273,1.851234383
2022-03-17 16:50:00,83.175,40457,0.8353822352,0.8238349488,-0.5063647126,0.844938054
2022-03-17 16:55:00,83.27,26414,0.6806658842,1.166761665,-0.3525840337,1.072459241
2022-03-17 17:00:00,83.37,82826,0.8535499204,0.8019122072,-0.3165680671,0.7310296371
2022-03-17 17:05:00,83.26,21340,0.6792352713,0.8115390524,-0.3694609014,0.6996908127
2022-03-17 17:10:00,83.31,48028,0.7459567981,1.154939288,-0.6234937539,0.8549352601
2022-03-17 17:15:00,83.26,22525,0.5663722767,1.184480058,-0.6281729426,0.895959929
2022-03-17 17:20:00,83.27,25694,0.7613867668,0.7390069428,-0.3430767914,0.629167846
2022-03-17 17:25:00,83.41,22053,0.5511809981,1.080221156,-0.5805269835,0.8731694084
2022-03-17 17:30:00,83.39,20530,0.6546120416,1.072219311,-0.4395832526,0.7451425233
2022-03-17 17:35:00,83.36,20250,0.6655081216,1.163522327,-0.2929992946,0.8822106053
2022-03-17 17:40:00,83.38,27430,0.8822601557,0.9710161724,-0.4954531583,0.8472696002
2022-03-17 17:45:00,83.2,22682,0.6316542133,1.13377945,-0.4875433017,1.108366067
2022-03-17 17:50:00,83.1604,15840,0.8351215478,0.8813172508,-0.4312030092,0.7653282809
2022-03-17 17:55:00,83.3,20736,0.8222837401,0.9927273743,-0.51669064,0.932856988
2022-03-17 18:00:00,83.26,19918,1.033666373,0.9285829981,-0.6506216808,0.9590871698
2022-03-17 18:05:00,83.24,21290,0.7555941533,1.018855704,-0.5752275916,0.8431007597
2022-03-17 18:10:00,83.29,18072,0.7158281982,0.9335713302,-0.3421682172,0.7747518222
2022-03-17 18:15:00,83.335,16966,0.7081113375,1.118327759,-0.4783696765,1.030951607
2022-03-17 18:20:00,83.35,17052,0.5624749675,1.223434262,-0.4138973599,0.7917242076
2022-03-17 18:25:00,83.33,25666,0.8673861811,0.9640468995,-0.4334189025,0.7524745669
2022-03-17 18:30:00,83.395,15469,0.8594898756,0.9015469138,-0.5265398727,0.6332074039
2022-03-17 18:35:00,83.36,39387,1.071430189,0.7947413742,-0.3935633465,0.8734194734
2022-03-17 18:40:00,83.4399,32135,0.7219290102,1.151085104,-0.5094008476,0.9912816986
2022-03-17 18:45:00,83.23,18452,0.5440319438,0.9000311695,-0.3262056493,0.5731257396
2022-03-17 18:50:00,83.25,16411,0.7469438036,0.9481311061,-0.4859193379,0.8272041396
2022-03-17 18:55:00,83.29,20307,0.8182268327,0.7132545008,-0.4717994311,0.6024058293
2022-03-17 19:00:00,83.24,20119,0.8446621388,0.9371696935,-0.5129595206,0.951655726
2022-03-17 19:05:00,83.38,33806,1.071977649,0.7692565058,-0.496360281,0.9308628835
2022-03-17 19:10:00,83.51,23081,0.8760921686,0.8016611893,-0.4007346391,0.8094507569
2022-03-17 19:15:00,83.42,23950,0.8387699695,0.8748700064,-0.3483788828,0.7278113583
2022-03-17 19:20:00,83.38,15844,0.5468652285,0.7676463083,-0.2347205421,0.5871125388
2022-03-17 19:25:00,83.3695,21614,0.6462663608,0.811961663,-0.4543758116,0.7039677605
2022-03-17 19:30:00,83.42,32905,0.7596631745,1.051270403,-0.6250370609,1.166893927
2022-03-17 19:35:00,83.345,18792,0.7240047554,0.9091704473,-0.4472615195,0.6360324728
2022-03-17 19:40:00,83.365,20153,0.6293666045,0.7965837021,-0.3655122838,0.5807548071
2022-03-17 19:45:00,83.37,33716,0.8587974733,0.6184395122,-0.3886239716,0.6218327819
2022-03-17 19:50:00,83.55,33740,1.008535363,0.8117526889,-0.4872092387,0.8759914522
2022-03-17 19:55:00,83.49,27284,0.6909054454,0.8348223673,-0.4910232939,0.6202548723
2022-03-17 20:00:00,83.49,23347,0.857626469,0.9250905208,-0.3361988216,0.9898174244
2022-03-17 20:05:00,83.53,28801,0.651501441,1.023988224,-0.4732803387,0.9380091763
2022-03-17 20:10:00,83.52,42067,0.747992402,0.8909415766,-0.3818518209,0.7716648675
2022-03-17 20:15:00,83.485,27836,0.6860012366,0.7500730144,-0.3591931718,0.62759587
2022-03-17 20:20:00,83.46,30505,0.639327529,1.021255694,-0.4952362013,0.631701686
2022-03-17 20:25:00,83.49,22372,0.5497019359,0.7268262921,-0.3681961356,0.5627817697
2022-03-17 20:30:00,83.46,50646,0.8958047161,0.7683663975,-0.4987190913,0.9901240727
2022-03-17 20:35:00,83.405,35953,1.073345314,0.4735651494,-0.5425157222,0.4715847532
2022-03-17 20:40:00,83.49,48691,0.8496841419,0.8173359244,-0.4108292234,0.5760118798
2022-03-17 20:45:00,83.53,56145,0.5556724216,0.971227688,-0.1313871898,0.784277061
2022-03-17 20:50:00,83.61,142887,0.7452554175,0.8918300274,-0.5625873005,0.90860126
2022-03-17 20:55:00,83.7,246897,0.8544288004,0.811980653,-0.6032082625,1.049625201
2022-03-17 21:00:00,83.78,61195,1.006755484,0.8954697827,-0.6113264178,0.9356202285
2022-03-18 14:20:00,83.8,0,0.8599743314,1.045797229,-0.4719690799,0.9172199193
2022-03-18 14:25:00,83.62,885,1.271598395,1.225719579,-0.7205804512,1.136258
2022-03-18 14:30:00,83.71,535420,0.7242056585,1.089207121,-0.4295403963,0.6748619281
2022-03-18 14:35:00,83.32,40128,0.642003054,1.027122887,-0.187541675,0.588562984
2022-03-18 14:40:00,83.385,23659,0.7731602975,1.260571181,-0.4889540609,1.050187201
2022-03-18 14:45:00,83.33,39091,0.8059607579,0.6471075218,-0.3681775598,0.6186100296
2022-03-18 14:50:00,83.21,29806,0.7646798998,0.8833252278,-0.4781432324,1.079958085
2022-03-18 14:55:00,83.22,42887,1.015266197,0.817874913,-0.488041377,0.7602375663
2022-03-18 15:00:00,83.06,96754,0.7580258798,0.9734610416,-0.4073277577,0.6932323619
2022-03-18 15:05:00,82.95,51997,0.8248580804,0.8727594099,-0.5057377379,1.05035252
2022-03-18 15:10:00,83.25,45331,0.7440463506,0.9085221157,-0.3397613346,1.002129019
2022-03-18 15:15:00,82.745,69072,0.8831696038,0.5603769562,-0.4482236638,0.6567838292
2022-03-18 15:20:00,82.34,62606,0.6915220676,0.9739607324,-0.4907109333,0.6333000611
2022-03-18 15:25:00,82.38,68369,0.6867437713,0.8409342008,-0.3727278915,0.5262432032
2022-03-18 15:30:00,82.74,26095,0.6278920441,1.100797493,-0.4824195447,0.7475573511
2022-03-18 15:35:00,83.0391,27876,0.7252523647,0.6998094451,-0.4325514468,0.7704522434
2022-03-18 15:40:00,82.94,20453,0.6917138929,0.8955753222,-0.4232933323,0.6952320502
2022-03-18 15:45:00,83.11,21728,0.7037544884,1.048921122,-0.4340598388,0.9886903871
2022-03-18 15:50:00,83.09,27500,0.574024702,0.85368414,-0.5027301565,0.7335690739
2022-03-18 15:55:00,83.03,54098,0.7925417141,0.9115559646,-0.4545372318,0.6680259295
2022-03-18 16:00:00,83.1,32721,0.9124131919,1.041455393,-0.5746899058,1.073435542
2022-03-18 16:05:00,83.11,12396,0.8325091834,0.7655504828,-0.4386775888,0.5708882866
2022-03-18 16:10:00,83.1,53053,0.792041401,1.17763677,-0.5150164809,0.852412413
2022-03-18 16:15:00,83.118,23315,0.9978749555,0.8743571726,-0.4825219194,0.5901307627
2022-03-18 16:20:00,83.11,73543,0.9739959699,1.092951308,-0.6648781605,1.339777673
2022-03-18 16:25:00,83.17,10026,0.7013278213,0.9575212184,-0.5017326852,0.8844043403
2022-03-18 16:30:00,83.3,16515,0.9172683261,1.165272712,-0.4165658289,0.8628687317
2022-03-18 16:35:00,83.33,28183,0.5045312078,0.9996291706,-0.3654462014,0.5843433222
2022-03-18 16:40:00,83.2,10199,0.7201737956,0.8081067824,-0.2534303352,0.6808285447
2022-03-18 16:45:00,83.24,22523,0.9417218086,0.5961692009,-0.441890324,0.6598771739
2022-03-18 16:50:00,83.29,22591,0.8749184163,0.766819339,-0.5202794413,0.8996155758
2022-03-18 16:55:00,83.14,18995,0.748326061,0.8989836592,-0.4408217048,0.7187203153
2022-03-18 17:00:00,83.24,17756,0.8194827722,1.254123821,-0.7414532163,0.8187915039
2022-03-18 17:05:00,83.27,30901,0.6237317179,1.262545106,-0.527004234,0.6966178244
2022-03-18 17:10:00,83.35,13794,0.764747324,0.800001726,-0.445342881,0.66400034
2022-03-18 17:15:00,83.405,13383,1.001954453,0.9204859933,-0.4909521098,0.8577445854
2022-03-18 17:20:00,83.32,14841,0.82785299,0.7092463056,-0.3058696477,0.6302839625
2022-03-18 17:25:00,83.32,10792,0.6998929465,1.074560131,-0.5289170642,0.9360543763
2022-03-18 17:30:00,83.34,29637,0.5238419631,1.215977925,-0.4945127843,0.9041910517
2022-03-18 17:35:00,83.39,9593,0.9453001753,0.7196675103,-0.6079615601,0.7475095232
2022-03-18 17:40:00,83.32,20138,0.8927636335,0.5494178778,-0.4224900428,0.7039837676
2022-03-18 17:45:00,83.3956,14635,0.972174534,0.7192797768,-0.4849770663,0.5779696768
2022-03-18 17:50:00,83.33,21682,0.8387928327,1.12748706,-0.394379826,0.6745237569
2022-03-18 17:55:00,83.33,17153,0.949035468,0.7654287327,-0.3498709099,0.6328249285
2022-03-18 18:00:00,83.35,22979,0.9259103822,1.042608834,-0.50020928,0.8705422752
2022-03-18 18:05:00,83.17,29383,0.8532954129,0.8009700766,-0.3984203083,0.6623012674
2022-03-18 18:10:00,83.3,23304,0.727864121,1.003374993,-0.3704693135,0.6212130016
2022-03-18 18:15:00,83.43,13677,0.9761455454,0.8977163817,-0.43163274,0.8409758026
2022-03-18 18:20:00,83.49,12992,0.7640704747,1.007262554,-0.4915301236,0.98116742
2022-03-18 18:25:00,83.45,12363,0.671173414,1.08417434,-0.4297740474,0.6464156041
2022-03-18 18:30:00,83.5,25512,0.9823591,0.7727940029,-0.4598437104,0.8329066843
2022-03-18 18:35:00,83.52,13295,0.587938698,0.9367507718,-0.3775827465,0.5735125395
2022-03-18 18:40:00,83.46,20797,0.7698751089,0.7337617032,-0.389370106,0.7596595169
2022-03-18 18:45:00,83.45,18122,0.664609624,0.7647041006,-0.4284036996,0.5818718005
2022-03-18 18:50:00,83.46,27139,0.7971543146,0.831633884,-0.4162567863,0.7407141034
2022-03-18 18:55:00,83.445,50086,0.6051551942,0.9172486859,-0.414702482,0.5820286281
2022-03-18 19:00:00,83.26,29959,0.5573661969,1.401187544,-0.4802652659,0.5974056343
2022-03-18 19:05:00,83.285,38076,0.7380634079,0.8013721708,-0.4156864624,0.6953864147
2022-03-18 19:10:00,83.3,14784,0.6078323557,0.9270699093,-0.3816534201,0.7911575475
2022-03-18 19:15:00,83.28,17187,0.877445475,1.093544539,-0.6009068751,0.9956444101
2022-03-18 19:20:00,83.36,17669,0.6124667528,1.139299742,-0.7012427323,1.179127744
2022-03-18 19:25:00,83.44,44242,0.8276104276,0.9624119504,-0.3989324201,1.058742033
2022-03-18 19:30:00,83.415,22097,0.938902922,1.205323468,-0.6699237679,1.373175141
2022-03-18 19:35:00,83.42,23673,0.6933492629,1.163418526,-0.675387293,0.9459301122
2022-03-18 19:40:00,83.469,34186,0.6003579135,1.241390842,-0.4945004772,0.6551061476
2022-03-18 19:45:00,83.445,23818,0.8142073565,0.7731884343,-0.439575755,0.7241704325
2022-03-18 19:50:00,83.49,30599,0.6958576158,0.8808202722,-0.3819761524,0.7005812605
2022-03-18 19:55:00,83.5,60003,0.8285278169,0.7480643154,-0.6151128711,0.6208636957
2022-03-18 20:00:00,83.4,33098,1.205884934,0.7689912055,-0.5821592069,0.9000667938
2022-03-18 20:05:00,83.44,23833,0.6661646242,0.9998829967,-0.5936391801,0.7338444502
2022-03-18 20:10:00,83.451,40845,0.714799562,0.8031679751,-0.5179694768,1.256293206
2022-03-18 20:15:00,83.57,23199,0.4846568525,1.16989915,-0.4936508249,0.9189025003
2022-03-18 20:20:00,83.6183,85977,0.7922824641,0.8437648306,-0.4445663588,0.6628532498
2022-03-18 20:25:00,83.74,38681,0.6950836506,0.7893759391,-0.5335150012,0.7757091627
2022-03-18 20:30:00,83.74,51039,0.8626709096,1.027806116,-0.5671399593,0.7499122236
2022-03-18 20:35:00,83.755,65919,0.8474957614,0.854429977,-0.364726185,0.5066793574
2022-03-18 20:40:00,83.73,80175,0.7567830194,0.8316799604,-0.4598103411,0.7083730639
2022-03-18 20:45:00,83.86,90479,0.9591903438,0.88250859,-0.2463852183,0.629557674
2022-03-18 20:50:00,83.85,162786,0.6493282646,0.9623870247,-0.3843785208,0.7470150723
2022-03-18 20:55:00,83.96,321228,0.6496336113,0.8010709556,-0.2515079649,0.5726082463
2022-03-18 21:00:00,83.98,959615,0.5956825581,1.128902449,-0.4172263907,0.847044877
2022-03-21 14:20:00,85.05,301,0.5657646803,0.9386101112,-0.685005944,0.8295563981
2022-03-21 14:25:00,85.17,2679,0.8945518571,0.6592329475,-0.6404699107,0.896613604
2022-03-21 14:30:00,85.33,200772,0.790576327,0.9204795102,-0.6505595226,1.322643309
2022-03-21 14:35:00,86.36,124445,0.5771558439,0.9153086066,-0.2532889436,0.7421712148
2022-03-21 14:40:00,86.45,72055,0.7738548228,0.8764364124,-0.6590890348,0.8131044628
2022-03-21 14:45:00,86.36,86103,0.7306388403,0.9732884959,-0.7045954812,0.8612324952
2022-03-21 14:50:00,86.85,131114,0.8153776057,1.487009219,-1.094986926,0.9714141956
2022-03-21 14:55:00,87.13,72164,0.8341458991,1.350223505,-0.7371229449,1.733721522
2022-03-21 15:00:00,86.89,74852,0.910030323,1.1595272,-0.7017388067,0.9876362394
2022-03-21 15:05:00,87.25,61424,0.7367114262,1.0256217,-0.6308112951,1.143721749
2022-03-21 15:10:00,87.45,136015,0.6490531151,0.8524557614,-0.5597286966,0.7269271948
2022-03-21 15:15:00,87.28,37382,0.6575096259,0.6521417565,-0.3378237396,0.45708154
2022-03-21 15:20:00,86.92,77212,0.7716941444,0.7230276481,-0.413506073,0.6675390061
2022-03-21 15:25:00,86.47,72147,1.017566462,0.6899151525,-0.4532027656,0.8216743408
2022-03-21 15:30:00,86.28,72817,0.8700881216,1.137951221,-0.552990603,0.9985664932
2022-03-21 15:35:00,86.06,89065,1.001374813,0.5879916911,-0.297106668,0.5748347649
2022-03-21 15:40:00,86.18,57661,1.012779292,0.7168718954,-0.5005511283,0.6541173783
2022-03-21 15:45:00,86.1,44678,1.052878291,0.7618359982,-0.4823090652,0.8017615082
2022-03-21 15:50:00,86,41448,1.209287304,0.8608712928,-0.6108062799,1.24503653
2022-03-21 15:55:00,86.155,49825,0.7689604283,1.010300244,-0.574399759,0.7835590942
2022-03-21 16:00:00,86.14,33169,0.9452866783,1.311870441,-0.4263419987,0.8420452991
2022-03-21 16:05:00,86.475,27838,0.8029749133,0.729470647,-0.6241501541,0.7003584931
2022-03-21 16:10:00,86.31,39678,0.6844909138,0.8184712263,-0.4326997961,0.6092593949
2022-03-21 16:15:00,86.18,78814,0.9544314273,0.6242568922,-0.441727826,0.7894200963
2022-03-21 16:20:00,86.24,31265,0.7360663493,0.7846943392,-0.4193484558,0.6419085216
2022-03-21 16:25:00,86.19,79083,0.6075221501,0.9587347147,-0.6278255092,0.5849606648
2022-03-21 16:30:00,86.13,67703,0.8355978275,0.9192430921,-0.8240596985,1.400545152
2022-03-21 16:35:00,86.39,50988,0.8248061297,0.9205508402,-0.5962087331,0.6759418464
2022-03-21 16:40:00,86.5405,35152,1.098154959,0.9973089385,-0.8087390416,1.215410908
2022-03-21 16:45:00,86.451,26448,1.220669575,0.9844009873,-0.5579925034,1.0957588
2022-03-21 16:50:00,86.51,28973,1.099789053,0.7899997123,-0.5588377791,0.9912496447
2022-03-21 16:55:00,86.55,21303,0.6996290558,0.9517073238,-0.3758738739,0.6350199461
2022-03-21 17:00:00,86.62,36390,0.8008948893,0.9608881769,-0.3687862115,0.8961977379
2022-03-21 17:05:00,86.69,16822,0.9562566371,0.9019674574,-0.5366828313,0.7720101944
2022-03-21 17:10:00,86.67,18401,0.686290724,0.8372833218,-0.3780990354,0.4402167396
2022-03-21 17:15:00,86.65,18141,0.8027106866,1.163143356,-0.5225279369,0.7168319926
2022-03-21 17:20:00,86.76,21145,0.8507664881,1.003249453,-0.5825097565,0.8523815021
2022-03-21 17:25:00,86.63,19284,1.049342461,0.6260204846,-0.4832294639,0.6523852012
2022-03-21 17:30:00,86.77,29729,0.8306233779,0.7986992388,-0.3686363442,0.70757553
2022-03-21 17:35:00,86.72,27249,0.765748788,1.109331449,-0.5764777616,0.8844406151
2022-03-21 17:40:00,86.59,39745,0.7174467855,0.9415942667,-0.4561675428,0.6557599036
2022-03-21 17:45:00,86.76,20194,0.9611207984,0.8429687685,-0.5747206093,0.8314856491
2022-03-21 17:50:00,86.62,38659,0.8727562388,0.8665238991,-0.4777389582,0.5921185972
2022-03-21 17:55:00,86.36,32266,0.713612482,0.9960860654,-0.5666682065,1.025628854
2022-03-21 18:00:00,86.45,16311,1.041525592,0.8209525962,-0.5590364584,0.8332240806
2022-03-21 18:05:00,86.27,76681,1.152018944,0.8116999368,-0.5450487238,0.6846827676
2022-03-21 18:10:00,86.2434,57545,1.29079238,0.5089240267,-0.5865008664,1.252690963
2022-03-21 18:15:00,86.34,61954,1.210600811,0.353087493,-0.424911986,0.5945114193
2022-03-21 18:20:00,86.53,57589,1.243574158,0.4457970517,-0.5375920445,0.64491711
2022-03-21 18:25:00,86.758,36279,1.048685406,0.6316627337,-0.5913567679,0.7284917084
2022-03-21 18:30:00,86.75,42482,1.346447472,0.5892592317,-0.7323469751,1.323500848
2022-03-21 18:35:00,86.77,28546,1.24607454,0.5740378008,-0.438015511,0.6765632534
2022-03-21 18:40:00,86.865,33108,1.209813336,0.6348781555,-0.8314491805,1.003643385
2022-03-21 18:45:00,86.87,24552,1.212700725,0.5101831433,-0.4526856719,0.5988660245
2022-03-21 18:50:00,86.85,18046,1.0203667,0.6543973158,-0.556572723,0.7890885122
2022-03-21 18:55:00,86.885,51516,1.153475831,0.5990345054,-0.6070183601,0.6657141315
2022-03-21 19:00:00,86.8,25226,1.048404724,0.4623558457,-0.6943689217,0.5580602797
2022-03-21 19:05:00,86.7427,24769,0.9892043694,0.6090064777,-0.5521378082,0.5056188028
2022-03-21 19:10:00,86.575,19375,0.4907463466,1.063000311,-0.7099770723,0.7871886792
2022-03-21 19:15:00,86.4,17400,1.075175638,0.4769429016,-0.5919638648,0.7710185067
2022-03-21 19:20:00,86.48,23656,1.137458671,0.427764432,-0.5966659868,0.5873870979
2022-03-21 19:25:00,86.48,34885,0.7820111895,0.7470523997,-0.5452318355,0.7943325861
2022-03-21 19:30:00,86.35,24550,0.5409241144,0.9837419361,-0.7312855991,0.6896949381
2022-03-21 19:35:00,86.47,16705,0.5399597222,1.185011614,-0.3678958909,0.6396382581
2022-03-21 19:40:00,86.7,31649,0.6451820951,0.7828001535,-0.5312945589,0.7409146961
2022-03-21 19:45:00,86.76,29059,0.6896862809,0.9070476942,-0.6620403608,0.6141943434
2022-03-21 19:50:00,86.805,30841,1.009517533,0.6873711932,-0.5542747289,0.670168012
2022-03-21 19:55:00,86.705,21218,0.7515841172,0.8957256152,-0.3004523651,0.6829957901
2022-03-21 20:00:00,86.54,30321,0.3515644235,1.11777257,-0.4113223565,0.7622244929
2022-03-21 20:05:00,86.62,32639,0.5858360871,0.7721985969,-0.3929392178,0.6618054257
2022-03-21 20:10:00,86.8397,28088,1.015449354,0.4608215094,-0.4944513991,0.9934495764
2022-03-21 20:15:00,86.93,34577,0.7543090642,0.6640197065,-0.4927414423,0.7179665819
2022-03-21 20:20:00,86.93,34591,0.6010966954,0.7773446571,-0.5117022858,0.8256507594
2022-03-21 20:25:00,86.96,25661,0.6665066173,1.404525134,-0.6752480511,0.7171558
2022-03-21 20:30:00,86.99,45332,1.198743323,0.7291025677,-0.5555981915,0.778961971
2022-03-21 20:35:00,86.94,64508,0.920239743,0.6389187996,-0.4750581552,0.7387666497
2022-03-21 20:40:00,87,107132,0.5606179008,0.7939798401,-0.3795857796,0.5579389033
2022-03-21 20:45:00,86.977,174488,0.8301305825,0.8934157418,-0.5093201431,0.7569843009
2022-03-21 20:50:00,86.92,148411,0.956769281,0.9145142518,-0.6528231769,0.8211750113
2022-03-21 20:55:00,87.07,218323,0.7492888413,0.8527785133,-0.3931461645,0.6686515251
2022-03-21 21:00:00,87.16,47449,0.9579440094,1.003763467,-0.6448310619,0.8763111397