,data_stock,price_stock,volume_stock
0,2022-03-01 11:25,78.76,119.0
1,2022-03-01 13:50,78.3,198.0
2,2022-03-01 15:25,78.45,2474.0
3,2022-03-01 15:30,78.63,99647.0
4,2022-03-01 15:35,78.86,39420.0
5,2022-03-01 15:40,78.75,42456.0
6,2022-03-01 15:45,79.2,24088.0
7,2022-03-01 15:50,78.99,48639.0
8,2022-03-01 15:55,78.68,31126.0
9,2022-03-01 16:00,78.57,26113.0
10,2022-03-01 16:05,78.65,41194.0
11,2022-03-01 16:10,78.32,24124.0
12,2022-03-01 16:15,78.27,31769.0
13,2022-03-01 16:20,78.34,36735.0
14,2022-03-01 16:25,78.225,19590.0
15,2022-03-01 16:30,78.28,27844.0
16,2022-03-01 16:35,78.08,20825.0
17,2022-03-01 16:40,77.94,50879.0
18,2022-03-01 16:45,77.9221,14487.0
19,2022-03-01 16:50,78.03,12063.0
20,2022-03-01 16:55,78.17,24801.0
21,2022-03-01 17:00,78.16,26859.0
22,2022-03-01 17:05,78.455,34658.0
23,2022-03-01 17:10,78.11,18066.0
24,2022-03-01 17:15,78.22,14274.0
25,2022-03-01 17:20,78.08,11578.0
26,2022-03-01 17:25,78.29,20215.0
27,2022-03-01 17:30,78.36,18305.0
28,2022-03-01 17:35,78.09,12628.0
29,2022-03-01 17:40,78.06,17275.0
30,2022-03-01 17:45,77.96,24994.0
31,2022-03-01 17:50,77.785,29093.0
32,2022-03-01 17:55,77.635,23111.0
33,2022-03-01 18:00,77.68,30206.0
34,2022-03-01 18:05,77.68,26352.0
35,2022-03-01 18:10,77.6758,18857.0
36,2022-03-01 18:15,77.62,29347.0
37,2022-03-01 18:20,77.71,25769.0
38,2022-03-01 18:25,77.78,13501.0
39,2022-03-01 18:30,77.88,20929.0
40,2022-03-01 18:35,77.97,16478.0
41,2022-03-01 18:40,77.75,13610.0
42,2022-03-01 18:45,77.78,12253.0
43,2022-03-01 18:50,77.826,12343.0
44,2022-03-01 18:55,77.87,19932.0
45,2022-03-01 19:00,77.99,30196.0
46,2022-03-01 19:05,77.9621,17864.0
47,2022-03-01 19:10,77.985,23425.0
48,2022-03-01 19:15,77.88,13076.0
49,2022-03-01 19:20,77.86,15564.0
50,2022-03-01 19:25,77.775,14361.0
51,2022-03-01 19:30,77.65,19303.0
52,2022-03-01 19:35,77.68,13906.0
53,2022-03-01 19:40,77.78,13181.0
54,2022-03-01 19:45,77.77,20144.0
55,2022-03-01 19:50,77.79,10314.0
56,2022-03-01 19:55,77.76,9560.0
57,2022-03-01 20:00,77.81,20850.0
58,2022-03-01 20:05,77.78,13063.0
59,2022-03-01 20:10,77.82,12036.0
60,2022-03-01 20:15,77.81,65747.0
61,2022-03-01 20:20,77.73,40008.0
62,2022-03-01 20:25,77.93,37517.0
63,2022-03-01 20:30,78.08,52792.0
64,2022-03-01 20:35,78.15,24179.0
65,2022-03-01 20:40,78.43,22445.0
66,2022-03-01 20:45,78.43,43910.0
67,2022-03-01 20:50,78.45,65769.0
68,2022-03-01 20:55,78.48,80070.0
69,2022-03-01 21:00,78.35,48652.0
70,2022-03-01 21:05,78.51,48885.0
71,2022-03-01 21:10,78.37,22522.0
72,2022-03-01 21:15,78.37,28836.0
73,2022-03-01 21:20,78.239,30571.0
74,2022-03-01 21:25,78.32,47050.0
75,2022-03-01 21:30,78.23,43053.0
76,2022-03-01 21:35,78.3,40625.0
77,2022-03-01 21:40,78.19,44059.0
78,2022-03-01 21:45,78.065,62596.0
79,2022-03-01 21:50,77.81,89406.0
80,2022-03-01 21:55,77.99,214047.0
81,2022-03-01 22:00,77.99,186490.0
82,2022-03-02 01:50,77.99,117.0
83,2022-03-02 13:00,78.05,738.0
84,2022-03-02 13:20,78.5,479.0
85,2022-03-02 14:00,78.7835,110.0
86,2022-03-02 14:10,78.2501,202.0
87,2022-03-02 14:40,78.35,267.0
88,2022-03-02 15:00,78.47,442.0
89,2022-03-02 15:20,78.7954,100.0
90,2022-03-02 15:25,78.67,5325.0
91,2022-03-02 15:30,78.67,106163.0
92,2022-03-02 15:35,78.66,32989.0
93,2022-03-02 15:40,78.89,23493.0
94,2022-03-02 15:45,78.97,17264.0
95,2022-03-02 15:50,78.99,21941.0
96,2022-03-02 15:55,79.19,37966.0
97,2022-03-02 16:00,79.44,33478.0
98,2022-03-02 16:05,79.5226,37400.0
99,2022-03-02 16:10,79.19,19450.0
100,2022-03-02 16:15,79.295,21157.0
101,2022-03-02 16:20,79.36,29995.0
102,2022-03-02 16:25,79.63,75499.0
103,2022-03-02 16:30,79.79,25305.0
104,2022-03-02 16:35,79.94,117027.0
105,2022-03-02 16:40,80.0387,24474.0
106,2022-03-02 16:45,80.14,29952.0
107,2022-03-02 16:50,80.24,27719.0
108,2022-03-02 16:55,79.9943,39826.0
109,2022-03-02 17:00,80.08,29875.0
110,2022-03-02 17:05,80.21,25061.0
111,2022-03-02 17:10,80.17,30028.0
112,2022-03-02 17:15,80.17,34470.0
113,2022-03-02 17:20,79.989,17631.0
114,2022-03-02 17:25,79.92,27876.0
115,2022-03-02 17:30,80.068,30043.0
116,2022-03-02 17:35,80.32,27397.0
117,2022-03-02 17:40,80.32,19073.0
118,2022-03-02 17:45,80.16,15013.0
119,2022-03-02 17:50,80.14,12133.0
120,2022-03-02 17:55,80.11,19141.0
121,2022-03-02 18:00,80.21,10968.0
122,2022-03-02 18:05,80.19,17894.0
123,2022-03-02 18:10,80.18,26570.0
124,2022-03-02 18:15,80.06,12012.0
125,2022-03-02 18:20,80.07,12006.0
126,2022-03-02 18:25,80.0343,15600.0
127,2022-03-02 18:30,80.19,19466.0
128,2022-03-02 18:35,80.2,18151.0
129,2022-03-02 18:40,80.21,11407.0
130,2022-03-02 18:45,80.15,11887.0
131,2022-03-02 18:50,80.15,17107.0
132,2022-03-02 18:55,80.15,32391.0
133,2022-03-02 19:00,80.25,12652.0
134,2022-03-02 19:05,80.18,34416.0
135,2022-03-02 19:10,80.25,38722.0
136,2022-03-02 19:15,80.14,24107.0
137,2022-03-02 19:20,80.14,69798.0
138,2022-03-02 19:25,80.18,28809.0
139,2022-03-02 19:30,80.33,31873.0
140,2022-03-02 19:35,80.33,18816.0
141,2022-03-02 19:40,80.28,15066.0
142,2022-03-02 19:45,80.04,20138.0
143,2022-03-02 19:50,80.13,13816.0
144,2022-03-02 19:55,80.1,13907.0
145,2022-03-02 20:00,80.265,10974.0
146,2022-03-02 20:05,80.3,23485.0
147,2022-03-02 20:10,80.35,18848.0
148,2022-03-02 20:15,80.32,16699.0
149,2022-03-02 20:20,80.21,19925.0
150,2022-03-02 20:25,80.2,13585.0
151,2022-03-02 20:30,80.2,17037.0
152,2022-03-02 20:35,80.18,13789.0
153,2022-03-02 20:40,80.27,13095.0
154,2022-03-02 20:45,80.28,17182.0
155,2022-03-02 20:50,80.23,18433.0
156,2022-03-02 20:55,80.08,32336.0
157,2022-03-02 21:00,80.12,27599.0
158,2022-03-02 21:05,80.235,36478.0
159,2022-03-02 21:10,80.23,26160.0
160,2022-03-02 21:15,80.23,31129.0
161,2022-03-02 21:20,80.21,71445.0
162,2022-03-02 21:25,80.28,72493.0
163,2022-03-02 21:30,80.43,40119.0
164,2022-03-02 21:35,80.31,47360.0
165,2022-03-02 21:40,80.24,37148.0
166,2022-03-02 21:45,80.305,58304.0
167,2022-03-02 21:50,80.46,83484.0
168,2022-03-02 21:55,80.41,166746.0
169,2022-03-02 22:00,80.28,19105.0
170,2022-03-02 22:40,80.19,100.0
171,2022-03-02 23:45,80.21,100.0
172,2022-03-03 01:50,80.59,1000.0
173,2022-03-03 11:20,80.89,2000.0
174,2022-03-03 13:25,80.88,217.0
175,2022-03-03 14:00,80.9,275.0
176,2022-03-03 14:20,81.0,308.0
177,2022-03-03 14:25,81.0,364.0
178,2022-03-03 14:45,81.0,153.0
179,2022-03-03 14:50,80.85,510.0
180,2022-03-03 15:00,81.0,408.0
181,2022-03-03 15:05,81.0,759.0
182,2022-03-03 15:15,81.08,203.0
183,2022-03-03 15:20,81.0392,104.0
184,2022-03-03 15:25,81.13,1600.0
185,2022-03-03 15:30,81.63,157306.0
186,2022-03-03 15:35,80.78,37929.0
187,2022-03-03 15:40,80.68,33029.0
188,2022-03-03 15:45,81.04,54666.0
189,2022-03-03 15:50,81.07,23630.0
190,2022-03-03 15:55,80.81,29744.0
191,2022-03-03 16:00,80.92,66500.0
192,2022-03-03 16:05,81.05,57317.0
193,2022-03-03 16:10,81.38,36497.0
194,2022-03-03 16:15,81.4181,37695.0
195,2022-03-03 16:20,81.53,25401.0
196,2022-03-03 16:25,81.505,26923.0
197,2022-03-03 16:30,81.63,59946.0
198,2022-03-03 16:35,81.54,33708.0
199,2022-03-03 16:40,81.37,32795.0
200,2022-03-03 16:45,81.26,22837.0
201,2022-03-03 16:50,81.38,60362.0
202,2022-03-03 16:55,81.58,75089.0
203,2022-03-03 17:00,81.6,63097.0
204,2022-03-03 17:05,81.52,43605.0
205,2022-03-03 17:10,81.555,20766.0
206,2022-03-03 17:15,81.43,116078.0
207,2022-03-03 17:20,81.33,53130.0
208,2022-03-03 17:25,81.22,30593.0
209,2022-03-03 17:30,81.21,35907.0
210,2022-03-03 17:35,81.28,28536.0
211,2022-03-03 17:40,81.2,17801.0
212,2022-03-03 17:45,81.38,42793.0
213,2022-03-03 17:50,81.25,33083.0
214,2022-03-03 17:55,81.09,34488.0
215,2022-03-03 18:00,80.98,30306.0
216,2022-03-03 18:05,81.06,20234.0
217,2022-03-03 18:10,81.12,18058.0
218,2022-03-03 18:15,81.2,292359.0
219,2022-03-03 18:20,81.16,18376.0
220,2022-03-03 18:25,81.05,15132.0
221,2022-03-03 18:30,81.06,52270.0
222,2022-03-03 18:35,81.37,27993.0
223,2022-03-03 18:40,81.29,15872.0
224,2022-03-03 18:45,81.285,24180.0
225,2022-03-03 18:50,81.28,27675.0
226,2022-03-03 18:55,81.22,42080.0
227,2022-03-03 19:00,81.37,38537.0
228,2022-03-03 19:05,81.35,32054.0
229,2022-03-03 19:10,81.23,80010.0
230,2022-03-03 19:15,81.3,298940.0
231,2022-03-03 19:20,81.36,44253.0
232,2022-03-03 19:25,81.47,75278.0
233,2022-03-03 19:30,81.54,56413.0
234,2022-03-03 19:35,81.45,21123.0
235,2022-03-03 19:40,81.46,24442.0
236,2022-03-03 19:45,81.47,33601.0
237,2022-03-03 19:50,81.75,27365.0
238,2022-03-03 19:55,81.87,50320.0
239,2022-03-03 20:00,81.915,58467.0
240,2022-03-03 20:05,82.1,78588.0
241,2022-03-03 20:10,82.07,219641.0
242,2022-03-03 20:15,82.15,77308.0
243,2022-03-03 20:20,82.15,131996.0
244,2022-03-03 20:25,82.33,79148.0
245,2022-03-03 20:30,82.38,58667.0
246,2022-03-03 20:35,82.29,55021.0
247,2022-03-03 20:40,82.22,33340.0
248,2022-03-03 20:45,82.09,33557.0
249,2022-03-03 20:50,81.955,53671.0
250,2022-03-03 20:55,81.82,39902.0
251,2022-03-03 21:00,81.83,33701.0
252,2022-03-03 21:05,81.57,37035.0
253,2022-03-03 21:10,81.62,33072.0
254,2022-03-03 21:15,81.75,62009.0
255,2022-03-03 21:20,82.01,51847.0
256,2022-03-03 21:25,81.93,48747.0
257,2022-03-03 21:30,82.02,64960.0
258,2022-03-03 21:35,81.7,56442.0
259,2022-03-03 21:40,81.82,81542.0
260,2022-03-03 21:45,81.71,107114.0
261,2022-03-03 21:50,81.88,130939.0
262,2022-03-03 21:55,81.94,353825.0
263,2022-03-03 22:00,81.93,74713.0
264,2022-03-03 22:10,81.93,1644.0
265,2022-03-03 22:35,82.0,16749.0
266,2022-03-03 22:45,81.93,901.0
267,2022-03-03 23:25,82.25,121.0
268,2022-03-03 23:45,82.48,600.0
269,2022-03-04 01:15,82.0,171.0
270,2022-03-04 10:40,81.9,101.0
271,2022-03-04 12:10,81.9,500.0
272,2022-03-04 12:15,81.9,300.0
273,2022-03-04 13:30,82.7,182.0
274,2022-03-04 13:35,82.7,330.0
275,2022-03-04 13:40,82.7,662.0
276,2022-03-04 13:55,82.5,1201.0
277,2022-03-04 14:00,82.51,417.0
278,2022-03-04 14:20,82.5,120.0
279,2022-03-04 14:45,82.3,393.0
280,2022-03-04 14:55,82.5,618.0
281,2022-03-04 15:05,82.57,300.0
282,2022-03-04 15:10,82.655,879.0
283,2022-03-04 15:20,82.5,203.0
284,2022-03-04 15:25,82.35,771.0
285,2022-03-04 15:30,81.52,266674.0
286,2022-03-04 15:35,81.38,69766.0
287,2022-03-04 15:40,81.32,45576.0
288,2022-03-04 15:45,81.865,34116.0
289,2022-03-04 15:50,81.49,54279.0
290,2022-03-04 15:55,81.59,33804.0
291,2022-03-04 16:00,81.78,32010.0
292,2022-03-04 16:05,81.74,49881.0
293,2022-03-04 16:10,81.8362,29735.0
294,2022-03-04 16:15,81.56,49301.0
295,2022-03-04 16:20,81.55,45524.0
296,2022-03-04 16:25,81.54,30894.0
297,2022-03-04 16:30,81.905,38140.0
298,2022-03-04 16:35,81.83,34612.0
299,2022-03-04 16:40,81.96,44536.0
300,2022-03-04 16:45,81.89,41297.0
301,2022-03-04 16:50,81.6,34996.0
302,2022-03-04 16:55,81.511,25447.0
303,2022-03-04 17:00,81.635,32903.0
304,2022-03-04 17:05,81.66,27158.0
305,2022-03-04 17:10,81.65,25338.0
306,2022-03-04 17:15,81.7,49711.0
307,2022-03-04 17:20,81.75,39357.0
308,2022-03-04 17:25,81.67,51151.0
309,2022-03-04 17:30,81.55,26431.0
310,2022-03-04 17:35,81.52,35969.0
311,2022-03-04 17:40,81.79,66869.0
312,2022-03-04 17:45,81.84,30548.0
313,2022-03-04 17:50,81.9,23110.0
314,2022-03-04 17:55,81.95,36210.0
315,2022-03-04 18:00,82.05,198872.0
316,2022-03-04 18:05,82.02,52022.0
317,2022-03-04 18:10,82.15,63066.0
318,2022-03-04 18:15,82.21,53834.0
319,2022-03-04 18:20,82.34,48506.0
320,2022-03-04 18:25,82.22,21025.0
321,2022-03-04 18:30,82.34,78346.0
322,2022-03-04 18:35,82.35,30653.0
323,2022-03-04 18:40,82.41,23822.0
324,2022-03-04 18:45,82.36,26658.0
325,2022-03-04 18:50,82.47,64573.0
326,2022-03-04 18:55,82.6,64817.0
327,2022-03-04 19:00,82.685,38142.0
328,2022-03-04 19:05,82.8,40663.0
329,2022-03-04 19:10,82.94,36328.0
330,2022-03-04 19:15,82.87,87778.0
331,2022-03-04 19:20,82.76,40196.0
332,2022-03-04 19:25,82.79,43301.0
333,2022-03-04 19:30,82.82,26102.0
334,2022-03-04 19:35,82.86,138636.0
335,2022-03-04 19:40,82.85,91288.0
336,2022-03-04 19:45,82.5807,30462.0
337,2022-03-04 19:50,82.41,34090.0
338,2022-03-04 19:55,82.26,50010.0
339,2022-03-04 20:00,82.09,45926.0
340,2022-03-04 20:05,82.2,31583.0
341,2022-03-04 20:10,82.27,37225.0
342,2022-03-04 20:15,82.48,35803.0
343,2022-03-04 20:20,82.745,49171.0
344,2022-03-04 20:25,82.92,47031.0
345,2022-03-04 20:30,83.01,55015.0
346,2022-03-04 20:35,82.9317,56971.0
347,2022-03-04 20:40,82.73,44314.0
348,2022-03-04 20:45,82.69,45847.0
349,2022-03-04 20:50,82.5791,47918.0
350,2022-03-04 20:55,82.74,71625.0
351,2022-03-04 21:00,82.6,25642.0
352,2022-03-04 21:05,82.71,30591.0
353,2022-03-04 21:10,82.62,38901.0
354,2022-03-04 21:15,82.53,45855.0
355,2022-03-04 21:20,82.6,49551.0
356,2022-03-04 21:25,82.59,63084.0
357,2022-03-04 21:30,82.72,49795.0
358,2022-03-04 21:35,82.615,49774.0
359,2022-03-04 21:40,82.52,59658.0
360,2022-03-04 21:45,82.58,76356.0
361,2022-03-04 21:50,82.63,104526.0
362,2022-03-04 21:55,82.86,493126.0
363,2022-03-04 22:00,82.8,191315.0
364,2022-03-04 22:55,84.0,200.0
365,2022-03-04 23:20,83.1304,100.0
366,2022-03-04 23:45,82.39,350.0
367,2022-03-05 01:20,83.0,264.0
368,2022-03-05 01:25,83.0,150.0
369,2022-03-07 10:00,82.8,417.0
370,2022-03-07 10:05,82.8,361.0
371,2022-03-07 10:10,82.99,100.0
372,2022-03-07 10:15,83.0,595.0
373,2022-03-07 10:20,83.0,595.0
374,2022-03-07 10:50,82.66,310.0
375,2022-03-07 11:05,82.51,469.0
376,2022-03-07 11:10,82.27,883.0
377,2022-03-07 12:20,83.34,500.0
378,2022-03-07 13:00,84.0,1355.0
379,2022-03-07 13:15,85.81,1571.0
380,2022-03-07 13:20,85.98,1003.0
381,2022-03-07 13:25,85.87,440.0
382,2022-03-07 13:30,86.0,205.0
383,2022-03-07 13:50,85.68,2003.0
384,2022-03-07 13:55,85.5,504.0
385,2022-03-07 14:00,86.0,5000.0
386,2022-03-07 14:05,84.75,550.0
387,2022-03-07 14:20,85.0,202.0
388,2022-03-07 14:35,84.65,100.0
389,2022-03-07 14:40,84.75,1732.0
390,2022-03-07 14:45,84.55,885.0
391,2022-03-07 14:50,84.4999,13060.0
392,2022-03-07 14:55,84.69,6948.0
393,2022-03-07 15:00,84.72,3337.0
394,2022-03-07 15:05,84.6,2013.0
395,2022-03-07 15:10,84.6,396.0
396,2022-03-07 15:15,84.73,565.0
397,2022-03-07 15:20,84.55,2915.0
398,2022-03-07 15:25,84.59,14288.0
399,2022-03-07 15:30,84.9,528766.0
400,2022-03-07 15:35,85.04,203626.0
401,2022-03-07 15:40,85.8126,152665.0
402,2022-03-07 15:45,85.9597,214084.0
403,2022-03-07 15:50,86.15,305622.0
404,2022-03-07 15:55,86.84,203276.0
405,2022-03-07 16:00,86.33,190119.0
406,2022-03-07 16:05,86.59,176841.0
407,2022-03-07 16:10,87.28,212695.0
408,2022-03-07 16:15,87.6376,123655.0
409,2022-03-07 16:20,87.1,87579.0
410,2022-03-07 16:25,87.0,85017.0
411,2022-03-07 16:30,87.18,99351.0
412,2022-03-07 16:35,87.68,104061.0
413,2022-03-07 16:40,87.85,122003.0
414,2022-03-07 16:45,87.79,77025.0
415,2022-03-07 16:50,87.77,89057.0
416,2022-03-07 16:55,87.39,82622.0
417,2022-03-07 17:00,87.27,74596.0
418,2022-03-07 17:05,87.35,101463.0
419,2022-03-07 17:10,87.4,79058.0
420,2022-03-07 17:15,87.9,79634.0
421,2022-03-07 17:20,87.83,39356.0
422,2022-03-07 17:25,87.79,62163.0
423,2022-03-07 17:30,87.55,165033.0
424,2022-03-07 17:35,87.17,71951.0
425,2022-03-07 17:40,86.92,50021.0
426,2022-03-07 17:45,86.56,53775.0
427,2022-03-07 17:50,86.36,82108.0
428,2022-03-07 17:55,86.15,42422.0
429,2022-03-07 18:00,86.08,58151.0
430,2022-03-07 18:05,85.876,43605.0
431,2022-03-07 18:10,85.86,61926.0
432,2022-03-07 18:15,85.81,55243.0
433,2022-03-07 18:20,85.56,77996.0
434,2022-03-07 18:25,85.23,53894.0
435,2022-03-07 18:30,85.18,80613.0
436,2022-03-07 18:35,84.955,52001.0
437,2022-03-07 18:40,84.77,36036.0
438,2022-03-07 18:45,84.64,84930.0
439,2022-03-07 18:50,84.61,69013.0
440,2022-03-07 18:55,84.415,58790.0
441,2022-03-07 19:00,84.42,52683.0
442,2022-03-07 19:05,84.83,38045.0
443,2022-03-07 19:10,84.65,26593.0
444,2022-03-07 19:15,84.48,31858.0
445,2022-03-07 19:20,84.23,56928.0
446,2022-03-07 19:25,84.395,67940.0
447,2022-03-07 19:30,84.32,46662.0
448,2022-03-07 19:35,84.19,80360.0
449,2022-03-07 19:40,84.31,48456.0
450,2022-03-07 19:45,84.09,111752.0
451,2022-03-07 19:50,83.89,49116.0
452,2022-03-07 19:55,84.03,55318.0
453,2022-03-07 20:00,83.775,96170.0
454,2022-03-07 20:05,83.48,95636.0
455,2022-03-07 20:10,83.47,160011.0
456,2022-03-07 20:15,83.198,71442.0
457,2022-03-07 20:20,83.26,44701.0
458,2022-03-07 20:25,83.25,65659.0
459,2022-03-07 20:30,83.2,59103.0
460,2022-03-07 20:35,83.1833,84055.0
461,2022-03-07 20:40,83.52,69076.0
462,2022-03-07 20:45,83.715,61831.0
463,2022-03-07 20:50,83.73,94318.0
464,2022-03-07 20:55,83.515,62408.0
465,2022-03-07 21:00,83.58,56454.0
466,2022-03-07 21:05,83.6,53130.0
467,2022-03-07 21:10,83.52,54975.0
468,2022-03-07 21:15,83.49,53387.0
469,2022-03-07 21:20,83.59,93632.0
470,2022-03-07 21:25,83.64,92693.0
471,2022-03-07 21:30,83.78,118744.0
472,2022-03-07 21:35,83.78,111300.0
473,2022-03-07 21:40,83.7,97750.0
474,2022-03-07 21:45,83.96,121656.0
475,2022-03-07 21:50,83.87,191703.0
476,2022-03-07 21:55,83.86,455423.0
477,2022-03-07 22:00,83.97,109894.0
478,2022-03-07 22:10,83.85,761.0
479,2022-03-07 22:25,84.1,200.0
480,2022-03-07 22:30,84.28,506.0
481,2022-03-07 22:35,84.28,980.0
482,2022-03-07 22:45,84.0,200.0
483,2022-03-07 22:50,84.0,115.0
484,2022-03-07 22:55,84.0,2132.0
485,2022-03-07 23:10,83.95,100.0
486,2022-03-07 23:15,83.97,1978.0
487,2022-03-07 23:55,83.57,284.0
488,2022-03-08 00:15,83.95,199.0
489,2022-03-08 00:30,83.94,304.0
490,2022-03-08 00:45,84.21,200.0
491,2022-03-08 10:40,84.7,260.0
492,2022-03-08 10:45,84.67,100.0
493,2022-03-08 10:55,84.01,2043.0
494,2022-03-08 13:20,84.45,665.0
495,2022-03-08 13:25,84.4,400.0
496,2022-03-08 13:45,84.42,884.0
497,2022-03-08 14:00,84.0701,8840.0
498,2022-03-08 14:10,84.7,395.0
499,2022-03-08 14:25,84.4,340.0
500,2022-03-08 14:30,84.45,1419.0
501,2022-03-08 14:35,84.55,411.0
502,2022-03-08 14:40,84.66,1360.0
503,2022-03-08 14:50,84.92,201.0
504,2022-03-08 15:00,85.25,450.0
505,2022-03-08 15:10,84.8,1161.0
506,2022-03-08 15:15,84.6,909.0
507,2022-03-08 15:25,84.7,1571.0
508,2022-03-08 15:30,84.1,210133.0
509,2022-03-08 15:35,84.95,88815.0
510,2022-03-08 15:40,84.63,149247.0
511,2022-03-08 15:45,84.585,119033.0
512,2022-03-08 15:50,84.75,49254.0
513,2022-03-08 15:55,84.8,55088.0
514,2022-03-08 16:00,84.8,81632.0
515,2022-03-08 16:05,84.505,45891.0
516,2022-03-08 16:10,84.51,48419.0
517,2022-03-08 16:15,84.5,63740.0
518,2022-03-08 16:20,85.1984,49588.0
519,2022-03-08 16:25,85.245,55849.0
520,2022-03-08 16:30,85.02,50187.0
521,2022-03-08 16:35,85.38,74722.0
522,2022-03-08 16:40,85.88,48095.0
523,2022-03-08 16:45,85.8,42323.0
524,2022-03-08 16:50,85.74,54011.0
525,2022-03-08 16:55,85.62,55208.0
526,2022-03-08 17:00,85.7,37227.0
527,2022-03-08 17:05,85.4265,124068.0
528,2022-03-08 17:10,85.5518,113428.0
529,2022-03-08 17:15,85.65,172156.0
530,2022-03-08 17:20,85.73,54926.0
531,2022-03-08 17:25,85.79,49754.0
532,2022-03-08 17:30,85.52,40755.0
533,2022-03-08 17:35,85.76,29611.0
534,2022-03-08 17:40,85.7,39286.0
535,2022-03-08 17:45,85.69,47784.0
536,2022-03-08 17:50,85.76,44765.0
537,2022-03-08 17:55,85.81,22024.0
538,2022-03-08 18:00,85.97,76750.0
539,2022-03-08 18:05,86.145,37278.0
540,2022-03-08 18:10,86.18,41972.0
541,2022-03-08 18:15,86.29,49935.0
542,2022-03-08 18:20,86.29,75463.0
543,2022-03-08 18:25,85.6,32600.0
544,2022-03-08 18:30,85.67,68753.0
545,2022-03-08 18:35,85.35,67151.0
546,2022-03-08 18:40,84.69,108256.0
547,2022-03-08 18:45,84.69,104479.0
548,2022-03-08 18:50,83.97,57647.0
549,2022-03-08 18:55,84.17,30813.0
550,2022-03-08 19:00,84.11,41082.0
551,2022-03-08 19:05,84.23,28188.0
552,2022-03-08 19:10,84.54,66153.0
553,2022-03-08 19:15,84.39,45842.0
554,2022-03-08 19:20,83.96,70830.0
555,2022-03-08 19:25,83.63,60572.0
556,2022-03-08 19:30,83.345,88288.0
557,2022-03-08 19:35,83.405,80927.0
558,2022-03-08 19:40,83.5,54202.0
559,2022-03-08 19:45,83.35,38956.0
560,2022-03-08 19:50,83.23,56711.0
561,2022-03-08 19:55,83.43,36884.0
562,2022-03-08 20:00,83.53,40315.0
563,2022-03-08 20:05,83.48,31966.0
564,2022-03-08 20:10,83.6,31307.0
565,2022-03-08 20:15,83.568,35247.0
566,2022-03-08 20:20,83.6,28278.0
567,2022-03-08 20:25,83.78,38707.0
568,2022-03-08 20:30,84.04,29911.0
569,2022-03-08 20:35,84.07,57252.0
570,2022-03-08 20:40,84.23,60077.0
571,2022-03-08 20:45,84.34,25740.0
572,2022-03-08 20:50,84.49,22802.0
573,2022-03-08 20:55,84.37,30227.0
574,2022-03-08 21:00,84.445,32771.0
575,2022-03-08 21:05,84.62,28391.0
576,2022-03-08 21:10,84.48,34757.0
577,2022-03-08 21:15,84.32,42599.0
578,2022-03-08 21:20,84.19,37067.0
579,2022-03-08 21:25,84.16,43843.0
580,2022-03-08 21:30,83.8,64035.0
581,2022-03-08 21:35,83.65,35034.0
582,2022-03-08 21:40,83.75,59760.0
583,2022-03-08 21:45,83.45,71200.0
584,2022-03-08 21:50,83.25,105158.0
585,2022-03-08 21:55,83.41,231448.0
586,2022-03-08 22:00,83.13,64104.0
587,2022-03-08 22:05,83.13,308240.0
588,2022-03-08 22:25,83.13,282.0
589,2022-03-08 22:50,83.2,400.0
590,2022-03-08 23:25,83.0,200.0
591,2022-03-08 23:30,83.0,1000.0
592,2022-03-08 23:35,83.0,407.0
593,2022-03-09 00:30,83.0,100.0
594,2022-03-09 00:35,83.15,120.0
595,2022-03-09 00:55,83.15,100.0
596,2022-03-09 01:00,83.0,400.0
597,2022-03-09 01:05,83.15,150.0
598,2022-03-09 01:25,83.15,200.0
599,2022-03-09 01:30,83.15,100.0
600,2022-03-09 01:35,83.15,1601.0
601,2022-03-09 01:40,83.3,200.0
602,2022-03-09 13:00,83.5,278.0
603,2022-03-09 13:15,83.3,650.0
604,2022-03-09 13:25,83.5,859.0
605,2022-03-09 13:35,83.99,122.0
606,2022-03-09 13:40,83.8,100.0
607,2022-03-09 14:00,83.9,1021.0
608,2022-03-09 14:10,83.99,1727.0
609,2022-03-09 14:20,84.0,310.0
610,2022-03-09 14:25,84.0,4000.0
611,2022-03-09 14:30,83.7,1000.0
612,2022-03-09 14:55,83.61,819.0
613,2022-03-09 15:05,83.59,1757.0
614,2022-03-09 15:10,83.53,1418.0
615,2022-03-09 15:15,83.2,200.0
616,2022-03-09 15:25,83.0,1554.0
617,2022-03-09 15:30,83.29,235208.0
618,2022-03-09 15:35,82.26,136127.0
619,2022-03-09 15:40,82.05,125159.0
620,2022-03-09 15:45,81.55,210824.0
621,2022-03-09 15:50,81.24,151494.0
622,2022-03-09 15:55,80.73,142260.0
623,2022-03-09 16:00,80.74,121533.0
624,2022-03-09 16:05,80.73,82660.0
625,2022-03-09 16:10,81.1981,68932.0
626,2022-03-09 16:15,81.825,94241.0
627,2022-03-09 16:20,81.465,86900.0
628,2022-03-09 16:25,81.175,59503.0
629,2022-03-09 16:30,80.92,42875.0
630,2022-03-09 16:35,80.93,72082.0
631,2022-03-09 16:40,80.79,54882.0
632,2022-03-09 16:45,80.77,65642.0
633,2022-03-09 16:50,80.83,68837.0
634,2022-03-09 16:55,80.99,39714.0
635,2022-03-09 17:00,81.37,49182.0
636,2022-03-09 17:05,81.2,81623.0
637,2022-03-09 17:10,81.12,126942.0
638,2022-03-09 17:15,81.3699,33323.0
639,2022-03-09 17:20,81.3,59382.0
640,2022-03-09 17:25,81.25,97212.0
641,2022-03-09 17:30,81.31,77101.0
642,2022-03-09 17:35,81.56,47975.0
643,2022-03-09 17:40,81.45,92191.0
644,2022-03-09 17:45,81.33,49763.0
645,2022-03-09 17:50,81.31,46524.0
646,2022-03-09 17:55,81.28,45029.0
647,2022-03-09 18:00,81.4,44744.0
648,2022-03-09 18:05,81.51,50705.0
649,2022-03-09 18:10,81.79,50346.0
650,2022-03-09 18:15,81.75,36848.0
651,2022-03-09 18:20,81.87,37071.0
652,2022-03-09 18:25,81.935,17951.0
653,2022-03-09 18:30,82.0,30400.0
654,2022-03-09 18:35,81.83,30957.0
655,2022-03-09 18:40,81.47,60430.0
656,2022-03-09 18:45,81.255,34081.0
657,2022-03-09 18:50,81.21,36697.0
658,2022-03-09 18:55,81.17,45993.0
659,2022-03-09 19:00,81.17,44656.0
660,2022-03-09 19:05,81.27,42141.0
661,2022-03-09 19:10,81.44,32611.0
662,2022-03-09 19:15,81.555,22170.0
663,2022-03-09 19:20,81.43,27238.0
664,2022-03-09 19:25,81.38,28264.0
665,2022-03-09 19:30,81.32,27689.0
666,2022-03-09 19:35,81.375,40157.0
667,2022-03-09 19:40,81.48,42752.0
668,2022-03-09 19:45,81.58,23570.0
669,2022-03-09 19:50,81.44,31481.0
670,2022-03-09 19:55,81.285,28484.0
671,2022-03-09 20:00,81.25,33058.0
672,2022-03-09 20:05,81.33,34409.0
673,2022-03-09 20:10,81.3083,27802.0
674,2022-03-09 20:15,81.47,54602.0
675,2022-03-09 20:20,81.465,37055.0
676,2022-03-09 20:25,81.38,65176.0
677,2022-03-09 20:30,81.42,33113.0
678,2022-03-09 20:35,81.57,24505.0
679,2022-03-09 20:40,81.66,25180.0
680,2022-03-09 20:45,81.74,22286.0
681,2022-03-09 20:50,81.74,21604.0
682,2022-03-09 20:55,81.63,23251.0
683,2022-03-09 21:00,81.69,31853.0
684,2022-03-09 21:05,81.73,39029.0
685,2022-03-09 21:10,81.77,60329.0
686,2022-03-09 21:15,81.86,46047.0
687,2022-03-09 21:20,81.8,39467.0
688,2022-03-09 21:25,81.8275,55803.0
689,2022-03-09 21:30,81.91,78854.0
690,2022-03-09 21:35,81.81,69165.0
691,2022-03-09 21:40,82.005,106992.0
692,2022-03-09 21:45,82.08,104906.0
693,2022-03-09 21:50,81.94,195370.0
694,2022-03-09 21:55,81.89,298544.0
695,2022-03-09 22:00,81.78,37675.0
696,2022-03-09 22:05,81.78,2422.0
697,2022-03-09 22:10,81.78,21856.0
698,2022-03-10 01:40,81.05,232.0
699,2022-03-10 01:45,81.75,100.0
700,2022-03-10 13:25,81.54,211.0
701,2022-03-10 13:55,81.81,1578.0
702,2022-03-10 14:00,81.5406,981.0
703,2022-03-10 14:10,81.78,103.0
704,2022-03-10 14:35,82.6,3000.0
705,2022-03-10 15:00,82.33,702.0
706,2022-03-10 15:25,81.47,2333.0
707,2022-03-10 15:30,81.69,180739.0
708,2022-03-10 15:35,82.09,66864.0
709,2022-03-10 15:40,82.62,55430.0
710,2022-03-10 15:45,83.09,164189.0
711,2022-03-10 15:50,83.47,53444.0
712,2022-03-10 15:55,83.76,62387.0
713,2022-03-10 16:00,83.64,72228.0
714,2022-03-10 16:05,83.74,30080.0
715,2022-03-10 16:10,83.89,34858.0
716,2022-03-10 16:15,83.66,58748.0
717,2022-03-10 16:20,83.71,39607.0
718,2022-03-10 16:25,84.01,50441.0
719,2022-03-10 16:30,84.12,71015.0
720,2022-03-10 16:35,83.91,47467.0
721,2022-03-10 16:40,83.82,33748.0
722,2022-03-10 16:45,83.49,39056.0
723,2022-03-10 16:50,83.33,37157.0
724,2022-03-10 16:55,83.28,41636.0
725,2022-03-10 17:00,83.225,30562.0
726,2022-03-10 17:05,83.21,24478.0
727,2022-03-10 17:10,83.26,27702.0
728,2022-03-10 17:15,83.12,37074.0
729,2022-03-10 17:20,82.8901,31236.0
730,2022-03-10 17:25,82.8,21143.0
731,2022-03-10 17:30,82.81,20067.0
732,2022-03-10 17:35,82.89,14951.0
733,2022-03-10 17:40,82.75,27347.0
734,2022-03-10 17:45,83.05,18501.0
735,2022-03-10 17:50,83.13,18019.0
736,2022-03-10 17:55,83.18,39403.0
737,2022-03-10 18:00,83.19,24058.0
738,2022-03-10 18:05,83.32,14590.0
739,2022-03-10 18:10,83.21,13283.0
740,2022-03-10 18:15,83.2,15777.0
741,2022-03-10 18:20,83.21,20411.0
742,2022-03-10 18:25,83.44,12813.0
743,2022-03-10 18:30,83.5267,27627.0
744,2022-03-10 18:35,83.46,18129.0
745,2022-03-10 18:40,83.39,13767.0
746,2022-03-10 18:45,83.19,20427.0
747,2022-03-10 18:50,83.03,23809.0
748,2022-03-10 18:55,83.2876,18611.0
749,2022-03-10 19:00,83.3056,13561.0
750,2022-03-10 19:05,83.25,14354.0
751,2022-03-10 19:10,83.35,17644.0
752,2022-03-10 19:15,83.53,21866.0
753,2022-03-10 19:20,83.64,23510.0
754,2022-03-10 19:25,83.56,21980.0
755,2022-03-10 19:30,83.67,19728.0
756,2022-03-10 19:35,83.6,17868.0
757,2022-03-10 19:40,83.57,11043.0
758,2022-03-10 19:45,83.67,15970.0
759,2022-03-10 19:50,83.7997,18997.0
760,2022-03-10 19:55,83.7922,22334.0
761,2022-03-10 20:00,83.85,24634.0
762,2022-03-10 20:05,83.94,25025.0
763,2022-03-10 20:10,83.8,17993.0
764,2022-03-10 20:15,83.81,17929.0
765,2022-03-10 20:20,83.89,23421.0
766,2022-03-10 20:25,83.85,66009.0
767,2022-03-10 20:30,83.82,24824.0
768,2022-03-10 20:35,83.78,21988.0
769,2022-03-10 20:40,83.845,22817.0
770,2022-03-10 20:45,83.855,46722.0
771,2022-03-10 20:50,83.93,35206.0
772,2022-03-10 20:55,83.84,28114.0
773,2022-03-10 21:00,83.93,34747.0
774,2022-03-10 21:05,83.94,25492.0
775,2022-03-10 21:10,83.8694,20812.0
776,2022-03-10 21:15,83.91,24289.0
777,2022-03-10 21:20,83.93,40780.0
778,2022-03-10 21:25,84.02,46691.0
779,2022-03-10 21:30,84.22,51883.0
780,2022-03-10 21:35,84.2,64306.0
781,2022-03-10 21:40,84.18,71288.0
782,2022-03-10 21:45,84.1,76323.0
783,2022-03-10 21:50,84.22,107305.0
784,2022-03-10 21:55,84.39,240759.0
785,2022-03-10 22:00,84.31,14829.0
786,2022-03-10 22:10,84.31,3009.0
787,2022-03-10 22:25,84.3,500.0
788,2022-03-10 23:20,84.6441,510.0
789,2022-03-10 23:25,84.6441,1100.0
790,2022-03-11 00:10,84.69,408.0
791,2022-03-11 00:40,84.6999,230.0
792,2022-03-11 01:40,84.69,260.0
793,2022-03-11 01:50,84.61,275.0
794,2022-03-11 11:40,84.75,751.0
795,2022-03-11 11:50,84.98,1250.0
796,2022-03-11 12:25,84.99,151.0
797,2022-03-11 13:10,84.62,364.0
798,2022-03-11 13:20,84.61,109.0
799,2022-03-11 13:30,84.75,1281.0
800,2022-03-11 13:55,85.02,148.0
801,2022-03-11 14:00,84.62,3018.0
802,2022-03-11 14:05,84.97,106.0
803,2022-03-11 14:15,84.62,100.0
804,2022-03-11 14:20,84.98,263.0
805,2022-03-11 14:25,84.98,968.0
806,2022-03-11 14:30,84.98,4144.0
807,2022-03-11 14:40,84.98,100.0
808,2022-03-11 14:50,84.98,100.0
809,2022-03-11 15:05,84.7,100.0
810,2022-03-11 15:10,84.5,200.0
811,2022-03-11 15:20,84.4,1011.0
812,2022-03-11 15:30,84.88,110031.0
813,2022-03-11 15:35,84.8,41728.0
814,2022-03-11 15:40,85.14,68603.0
815,2022-03-11 15:45,84.87,46567.0
816,2022-03-11 15:50,84.74,42572.0
817,2022-03-11 15:55,84.79,33097.0
818,2022-03-11 16:00,84.59,91372.0
819,2022-03-11 16:05,83.92,46702.0
820,2022-03-11 16:10,83.71,33675.0
821,2022-03-11 16:15,83.93,38266.0
822,2022-03-11 16:20,84.0399,31167.0
823,2022-03-11 16:25,83.79,34444.0
824,2022-03-11 16:30,83.88,17121.0
825,2022-03-11 16:35,83.9,16708.0
826,2022-03-11 16:40,83.95,14509.0
827,2022-03-11 16:45,83.78,22980.0
828,2022-03-11 16:50,83.97,48862.0
829,2022-03-11 16:55,84.155,21591.0
830,2022-03-11 17:00,84.2,23909.0
831,2022-03-11 17:05,84.27,14980.0
832,2022-03-11 17:10,84.19,16487.0
833,2022-03-11 17:15,84.18,17136.0
834,2022-03-11 17:20,84.27,18834.0
835,2022-03-11 17:25,84.32,18710.0
836,2022-03-11 17:30,84.3,19638.0
837,2022-03-11 17:35,84.17,16125.0
838,2022-03-11 17:40,84.28,24383.0
839,2022-03-11 17:45,84.3,14995.0
840,2022-03-11 17:50,84.36,31129.0
841,2022-03-11 17:55,84.53,20881.0
842,2022-03-11 18:00,84.35,35467.0
843,2022-03-11 18:05,84.3,18700.0
844,2022-03-11 18:10,84.11,14929.0
845,2022-03-11 18:15,84.18,24773.0
846,2022-03-11 18:20,84.33,36745.0
847,2022-03-11 18:25,84.36,18817.0
848,2022-03-11 18:30,84.09,17609.0
849,2022-03-11 18:35,84.2,24149.0
850,2022-03-11 18:40,84.18,13682.0
851,2022-03-11 18:45,84.21,23866.0
852,2022-03-11 18:50,84.3,16639.0
853,2022-03-11 18:55,84.25,19243.0
854,2022-03-11 19:00,84.245,19382.0
855,2022-03-11 19:05,84.34,18371.0
856,2022-03-11 19:10,84.36,14846.0
857,2022-03-11 19:15,84.42,18683.0
858,2022-03-11 19:20,84.5982,22189.0
859,2022-03-11 19:25,84.58,22461.0
860,2022-03-11 19:30,84.66,22395.0
861,2022-03-11 19:35,84.68,19800.0
862,2022-03-11 19:40,84.76,19122.0
863,2022-03-11 19:45,84.71,22833.0
864,2022-03-11 19:50,84.7512,50023.0
865,2022-03-11 19:55,84.55,31902.0
866,2022-03-11 20:00,84.56,23475.0
867,2022-03-11 20:05,84.67,24864.0
868,2022-03-11 20:10,84.52,24244.0
869,2022-03-11 20:15,84.4,21665.0
870,2022-03-11 20:20,84.48,14703.0
871,2022-03-11 20:25,84.46,19963.0
872,2022-03-11 20:30,84.6,26054.0
873,2022-03-11 20:35,84.58,15675.0
874,2022-03-11 20:40,84.445,16203.0
875,2022-03-11 20:45,84.38,15225.0
876,2022-03-11 20:50,84.39,22625.0
877,2022-03-11 20:55,84.32,20073.0
878,2022-03-11 21:00,84.36,16105.0
879,2022-03-11 21:05,84.26,22806.0
880,2022-03-11 21:10,84.24,18682.0
881,2022-03-11 21:15,84.245,30675.0
882,2022-03-11 21:20,84.27,39367.0
883,2022-03-11 21:25,84.25,32442.0
884,2022-03-11 21:30,84.16,45137.0
885,2022-03-11 21:35,84.125,40814.0
886,2022-03-11 21:40,83.94,37932.0
887,2022-03-11 21:45,83.89,96585.0
888,2022-03-11 21:50,83.83,211434.0
889,2022-03-11 21:55,83.74,245123.0
890,2022-03-11 22:00,83.6,32959.0
891,2022-03-11 22:05,83.65,3178.0
892,2022-03-11 22:10,83.3634,100.0
893,2022-03-14 10:45,87.76,120.0
894,2022-03-14 12:00,84.0,769.0
895,2022-03-14 12:50,84.95,300.0
896,2022-03-14 13:00,84.0,564.0
897,2022-03-14 13:30,84.6823,100.0
898,2022-03-14 13:45,84.48,521.0
899,2022-03-14 13:55,84.35,151.0
900,2022-03-14 14:25,84.48,2665.0
901,2022-03-14 14:30,84.0,141517.0
902,2022-03-14 14:35,82.9303,47103.0
903,2022-03-14 14:40,82.41,84278.0
904,2022-03-14 14:45,81.93,49712.0
905,2022-03-14 14:50,81.4,54775.0
906,2022-03-14 14:55,81.66,57167.0
907,2022-03-14 15:00,81.62,42922.0
908,2022-03-14 15:05,81.44,54753.0
909,2022-03-14 15:10,81.7,35427.0
910,2022-03-14 15:15,81.8,45031.0
911,2022-03-14 15:20,81.96,106266.0
912,2022-03-14 15:25,82.51,43047.0
913,2022-03-14 15:30,82.535,31432.0
914,2022-03-14 15:35,82.65,28374.0
915,2022-03-14 15:40,82.64,33464.0
916,2022-03-14 15:45,83.025,34957.0
917,2022-03-14 15:50,83.17,31605.0
918,2022-03-14 15:55,83.265,28311.0
919,2022-03-14 16:00,83.35,29932.0
920,2022-03-14 16:05,83.2801,28077.0
921,2022-03-14 16:10,83.51,39633.0
922,2022-03-14 16:15,83.71,22432.0
923,2022-03-14 16:20,83.75,21485.0
924,2022-03-14 16:25,83.74,23304.0
925,2022-03-14 16:30,83.77,31322.0
926,2022-03-14 16:35,83.7,35706.0
927,2022-03-14 16:40,83.56,45364.0
928,2022-03-14 16:45,83.365,25235.0
929,2022-03-14 16:50,83.23,22884.0
930,2022-03-14 16:55,83.33,21385.0
931,2022-03-14 17:00,83.515,21086.0
932,2022-03-14 17:05,83.17,37208.0
933,2022-03-14 17:10,83.135,45625.0
934,2022-03-14 17:15,82.9,54004.0
935,2022-03-14 17:20,82.97,19109.0
936,2022-03-14 17:25,83.02,32008.0
937,2022-03-14 17:30,83.05,83274.0
938,2022-03-14 17:35,82.97,44259.0
939,2022-03-14 17:40,82.98,59366.0
940,2022-03-14 17:45,82.815,61320.0
941,2022-03-14 17:50,82.98,32906.0
942,2022-03-14 17:55,82.68,39937.0
943,2022-03-14 18:00,82.73,30003.0
944,2022-03-14 18:05,82.55,17452.0
945,2022-03-14 18:10,82.68,24586.0
946,2022-03-14 18:15,82.705,27150.0
947,2022-03-14 18:20,82.74,45197.0
948,2022-03-14 18:25,82.605,26466.0
949,2022-03-14 18:30,82.51,48971.0
950,2022-03-14 18:35,82.45,69766.0
951,2022-03-14 18:40,82.44,17750.0
952,2022-03-14 18:45,82.35,35867.0
953,2022-03-14 18:50,82.28,21386.0
954,2022-03-14 18:55,82.38,22799.0
955,2022-03-14 19:00,82.37,44665.0
956,2022-03-14 19:05,82.38,64486.0
957,2022-03-14 19:10,82.44,28733.0
958,2022-03-14 19:15,82.35,12775.0
959,2022-03-14 19:20,82.4095,30055.0
960,2022-03-14 19:25,82.31,15185.0
961,2022-03-14 19:30,82.09,22859.0
962,2022-03-14 19:35,81.86,38036.0
963,2022-03-14 19:40,81.96,15823.0
964,2022-03-14 19:45,82.03,11283.0
965,2022-03-14 19:50,81.89,22190.0
966,2022-03-14 19:55,81.92,16759.0
967,2022-03-14 20:00,81.99,20779.0
968,2022-03-14 20:05,82.05,13801.0
969,2022-03-14 20:10,81.88,15469.0
970,2022-03-14 20:15,82.1,23548.0
971,2022-03-14 20:20,82.22,18780.0
972,2022-03-14 20:25,82.3,24253.0
973,2022-03-14 20:30,82.28,35864.0
974,2022-03-14 20:35,82.31,54546.0
975,2022-03-14 20:40,82.37,83704.0
976,2022-03-14 20:45,82.47,62354.0
977,2022-03-14 20:50,82.39,94221.0
978,2022-03-14 20:55,82.43,174954.0
979,2022-03-14 21:00,82.57,54974.0
980,2022-03-14 21:05,82.41,100.0
981,2022-03-14 21:40,82.57,141.0
982,2022-03-14 22:15,82.4165,1000.0
983,2022-03-14 22:30,82.54,356.0
984,2022-03-15 12:35,82.7,514.0
985,2022-03-15 13:25,82.57,344.0
986,2022-03-15 13:35,82.56,358.0
987,2022-03-15 14:25,82.54,201.0
988,2022-03-15 14:30,82.53,126655.0
989,2022-03-15 14:35,82.38,41682.0
990,2022-03-15 14:40,82.67,38035.0
991,2022-03-15 14:45,82.15,66942.0
992,2022-03-15 14:50,82.14,34927.0
993,2022-03-15 14:55,81.7004,30996.0
994,2022-03-15 15:00,81.9175,45828.0
995,2022-03-15 15:05,82.005,22681.0
996,2022-03-15 15:10,81.53,25899.0
997,2022-03-15 15:15,81.86,19377.0
998,2022-03-15 15:20,81.83,19073.0
999,2022-03-15 15:25,81.9935,48036.0
1000,2022-03-15 15:30,82.16,31805.0
1001,2022-03-15 15:35,82.3501,25975.0
1002,2022-03-15 15:40,82.14,58474.0
1003,2022-03-15 15:45,81.93,41682.0
1004,2022-03-15 15:50,81.71,33394.0
1005,2022-03-15 15:55,81.6715,25348.0
1006,2022-03-15 16:00,81.71,27431.0
1007,2022-03-15 16:05,81.83,18841.0
1008,2022-03-15 16:10,81.93,28359.0
1009,2022-03-15 16:15,81.84,21491.0
1010,2022-03-15 16:20,81.92,17287.0
1011,2022-03-15 16:25,82.0473,16923.0
1012,2022-03-15 16:30,82.21,15892.0
1013,2022-03-15 16:35,82.2,21285.0
1014,2022-03-15 16:40,82.27,24674.0
1015,2022-03-15 16:45,82.517,18313.0
1016,2022-03-15 16:50,82.64,22505.0
1017,2022-03-15 16:55,82.47,40231.0
1018,2022-03-15 17:00,82.45,19276.0
1019,2022-03-15 17:05,82.4,17510.0
1020,2022-03-15 17:10,82.62,45048.0
1021,2022-03-15 17:15,82.41,50853.0
1022,2022-03-15 17:20,82.64,26494.0
1023,2022-03-15 17:25,82.8158,23029.0
1024,2022-03-15 17:30,82.9273,28779.0
1025,2022-03-15 17:35,82.79,13578.0
1026,2022-03-15 17:40,82.84,76604.0
1027,2022-03-15 17:45,82.64,20717.0
1028,2022-03-15 17:50,82.58,16369.0
1029,2022-03-15 17:55,82.51,16521.0
1030,2022-03-15 18:00,82.64,33538.0
1031,2022-03-15 18:05,82.67,16559.0
1032,2022-03-15 18:10,82.48,32600.0
1033,2022-03-15 18:15,82.52,14137.0
1034,2022-03-15 18:20,82.48,19729.0
1035,2022-03-15 18:25,82.52,23790.0
1036,2022-03-15 18:30,82.385,14260.0
1037,2022-03-15 18:35,82.26,15797.0
1038,2022-03-15 18:40,82.2154,17984.0
1039,2022-03-15 18:45,82.5,9690.0
1040,2022-03-15 18:50,82.63,14505.0
1041,2022-03-15 18:55,82.67,12297.0
1042,2022-03-15 19:00,82.69,18652.0
1043,2022-03-15 19:05,82.55,25099.0
1044,2022-03-15 19:10,82.665,18214.0
1045,2022-03-15 19:15,82.64,20122.0
1046,2022-03-15 19:20,82.59,19244.0
1047,2022-03-15 19:25,82.65,15399.0
1048,2022-03-15 19:30,82.63,26519.0
1049,2022-03-15 19:35,82.85,16907.0
1050,2022-03-15 19:40,82.785,19253.0
1051,2022-03-15 19:45,82.8,16210.0
1052,2022-03-15 19:50,82.94,17726.0
1053,2022-03-15 19:55,82.98,35113.0
1054,2022-03-15 20:00,83.11,51895.0
1055,2022-03-15 20:05,83.27,41025.0
1056,2022-03-15 20:10,83.24,18556.0
1057,2022-03-15 20:15,83.23,20664.0
1058,2022-03-15 20:20,83.255,19707.0
1059,2022-03-15 20:25,83.265,16805.0
1060,2022-03-15 20:30,83.15,35777.0
1061,2022-03-15 20:35,83.03,42186.0
1062,2022-03-15 20:40,83.09,57261.0
1063,2022-03-15 20:45,83.06,84308.0
1064,2022-03-15 20:50,83.01,132548.0
1065,2022-03-15 20:55,82.87,382989.0
1066,2022-03-15 21:00,82.81,51562.0
1067,2022-03-15 21:05,82.42,150.0
1068,2022-03-15 21:10,82.81,660.0
1069,2022-03-16 10:25,82.9,200.0
1070,2022-03-16 13:45,83.67,123.0
1071,2022-03-16 14:15,83.7,100.0
1072,2022-03-16 14:20,83.6,250.0
1073,2022-03-16 14:25,83.26,1245.0
1074,2022-03-16 14:30,82.9,119179.0
1075,2022-03-16 14:35,82.46,51310.0
1076,2022-03-16 14:40,82.3535,61654.0
1077,2022-03-16 14:45,82.11,88042.0
1078,2022-03-16 14:50,81.8728,46306.0
1079,2022-03-16 14:55,81.75,56163.0
1080,2022-03-16 15:00,82.07,65176.0
1081,2022-03-16 15:05,82.05,29115.0
1082,2022-03-16 15:10,81.905,41175.0
1083,2022-03-16 15:15,82.42,75966.0
1084,2022-03-16 15:20,82.59,82341.0
1085,2022-03-16 15:25,82.195,63899.0
1086,2022-03-16 15:30,81.785,49205.0
1087,2022-03-16 15:35,81.65,72405.0
1088,2022-03-16 15:40,81.27,113431.0
1089,2022-03-16 15:45,80.92,97433.0
1090,2022-03-16 15:50,80.695,162208.0
1091,2022-03-16 15:55,80.32,94974.0
1092,2022-03-16 16:00,81.05,44792.0
1093,2022-03-16 16:05,81.2,39364.0
1094,2022-03-16 16:10,81.29,31418.0
1095,2022-03-16 16:15,81.4,63595.0
1096,2022-03-16 16:20,81.04,54250.0
1097,2022-03-16 16:25,80.93,47734.0
1098,2022-03-16 16:30,80.89,46803.0
1099,2022-03-16 16:35,80.9,71408.0
1100,2022-03-16 16:40,81.18,25616.0
1101,2022-03-16 16:45,80.9416,24879.0
1102,2022-03-16 16:50,81.0789,22654.0
1103,2022-03-16 16:55,81.05,19832.0
1104,2022-03-16 17:00,81.13,29513.0
1105,2022-03-16 17:05,81.205,22341.0
1106,2022-03-16 17:10,81.2,17766.0
1107,2022-03-16 17:15,81.25,20255.0
1108,2022-03-16 17:20,81.12,19425.0
1109,2022-03-16 17:25,80.88,34730.0
1110,2022-03-16 17:30,80.85,43057.0
1111,2022-03-16 17:35,81.15,19307.0
1112,2022-03-16 17:40,81.05,28849.0
1113,2022-03-16 17:45,80.92,21309.0
1114,2022-03-16 17:50,80.77,15344.0
1115,2022-03-16 17:55,80.83,31916.0
1116,2022-03-16 18:00,80.9774,67255.0
1117,2022-03-16 18:05,80.93,25830.0
1118,2022-03-16 18:10,80.84,18126.0
1119,2022-03-16 18:15,80.74,20485.0
1120,2022-03-16 18:20,80.79,17968.0
1121,2022-03-16 18:25,80.9,20962.0
1122,2022-03-16 18:30,80.7846,25626.0
1123,2022-03-16 18:35,80.75,13048.0
1124,2022-03-16 18:40,80.7,21647.0
1125,2022-03-16 18:45,80.66,16102.0
1126,2022-03-16 18:50,80.58,59898.0
1127,2022-03-16 18:55,80.59,31528.0
1128,2022-03-16 19:00,80.58,35348.0
1129,2022-03-16 19:05,80.53,35733.0
1130,2022-03-16 19:10,80.28,81169.0
1131,2022-03-16 19:15,80.405,44679.0
1132,2022-03-16 19:20,80.495,29806.0
1133,2022-03-16 19:25,80.34,83260.0
1134,2022-03-16 19:30,80.37,56426.0
1135,2022-03-16 19:35,80.17,78578.0
1136,2022-03-16 19:40,80.57,154908.0
1137,2022-03-16 19:45,80.94,63471.0
1138,2022-03-16 19:50,81.07,44864.0
1139,2022-03-16 19:55,81.18,44074.0
1140,2022-03-16 20:00,80.81,38988.0
1141,2022-03-16 20:05,80.74,51881.0
1142,2022-03-16 20:10,80.62,47281.0
1143,2022-03-16 20:15,80.57,48184.0
1144,2022-03-16 20:20,80.66,52340.0
1145,2022-03-16 20:25,80.705,84108.0
1146,2022-03-16 20:30,80.74,75887.0
1147,2022-03-16 20:35,80.68,59789.0
1148,2022-03-16 20:40,80.84,76806.0
1149,2022-03-16 20:45,80.81,100654.0
1150,2022-03-16 20:50,81.16,100127.0
1151,2022-03-16 20:55,81.21,270806.0
1152,2022-03-16 21:00,81.45,200907.0
1153,2022-03-16 21:15,81.6,604.0
1154,2022-03-16 21:25,81.48,145.0
1155,2022-03-16 21:35,81.48,201.0
1156,2022-03-16 21:50,81.48,213.0
1157,2022-03-16 22:10,81.48,208.0
1158,2022-03-16 22:25,81.4,483.0
1159,2022-03-16 22:50,81.46,2536.0
1160,2022-03-17 00:25,81.5,239.0
1161,2022-03-17 13:25,81.5,21567.0
1162,2022-03-17 13:55,81.85,101.0
1163,2022-03-17 14:05,81.6,544.0
1164,2022-03-17 14:20,81.6,2100.0
1165,2022-03-17 14:25,81.81,1432.0
1166,2022-03-17 14:30,81.76,113874.0
1167,2022-03-17 14:35,82.27,69154.0
1168,2022-03-17 14:40,82.34,59957.0
1169,2022-03-17 14:45,82.59,45079.0
1170,2022-03-17 14:50,82.9,21588.0
1171,2022-03-17 14:55,82.53,51861.0
1172,2022-03-17 15:00,82.6,58509.0
1173,2022-03-17 15:05,82.39,148595.0
1174,2022-03-17 15:10,82.58,46380.0
1175,2022-03-17 15:15,82.84,55496.0
1176,2022-03-17 15:20,83.135,36423.0
1177,2022-03-17 15:25,83.29,42277.0
1178,2022-03-17 15:30,83.195,48020.0
1179,2022-03-17 15:35,83.17,34609.0
1180,2022-03-17 15:40,83.065,61017.0
1181,2022-03-17 15:45,83.02,58479.0
1182,2022-03-17 15:50,82.94,31695.0
1183,2022-03-17 15:55,82.99,35042.0
1184,2022-03-17 16:00,82.9,54124.0
1185,2022-03-17 16:05,83.05,28539.0
1186,2022-03-17 16:10,82.94,27597.0
1187,2022-03-17 16:15,82.89,33741.0
1188,2022-03-17 16:20,82.92,23058.0
1189,2022-03-17 16:25,83.03,24879.0
1190,2022-03-17 16:30,83.08,50185.0
1191,2022-03-17 16:35,82.91,31179.0
1192,2022-03-17 16:40,83.08,27944.0
1193,2022-03-17 16:45,83.06,18794.0
1194,2022-03-17 16:50,83.175,40457.0
1195,2022-03-17 16:55,83.27,26414.0
1196,2022-03-17 17:00,83.37,82826.0
1197,2022-03-17 17:05,83.26,21340.0
1198,2022-03-17 17:10,83.31,48028.0
1199,2022-03-17 17:15,83.26,22525.0
1200,2022-03-17 17:20,83.27,25694.0
1201,2022-03-17 17:25,83.41,22053.0
1202,2022-03-17 17:30,83.39,20530.0
1203,2022-03-17 17:35,83.36,20250.0
1204,2022-03-17 17:40,83.38,27430.0
1205,2022-03-17 17:45,83.2,22682.0
1206,2022-03-17 17:50,83.1604,15840.0
1207,2022-03-17 17:55,83.3,20736.0
1208,2022-03-17 18:00,83.26,19918.0
1209,2022-03-17 18:05,83.24,21290.0
1210,2022-03-17 18:10,83.29,18072.0
1211,2022-03-17 18:15,83.335,16966.0
1212,2022-03-17 18:20,83.35,17052.0
1213,2022-03-17 18:25,83.33,25666.0
1214,2022-03-17 18:30,83.395,15469.0
1215,2022-03-17 18:35,83.36,39387.0
1216,2022-03-17 18:40,83.4399,32135.0
1217,2022-03-17 18:45,83.23,18452.0
1218,2022-03-17 18:50,83.25,16411.0
1219,2022-03-17 18:55,83.29,20307.0
1220,2022-03-17 19:00,83.24,20119.0
1221,2022-03-17 19:05,83.38,33806.0
1222,2022-03-17 19:10,83.51,23081.0
1223,2022-03-17 19:15,83.42,23950.0
1224,2022-03-17 19:20,83.38,15844.0
1225,2022-03-17 19:25,83.3695,21614.0
1226,2022-03-17 19:30,83.42,32905.0
1227,2022-03-17 19:35,83.345,18792.0
1228,2022-03-17 19:40,83.365,20153.0
1229,2022-03-17 19:45,83.37,33716.0
1230,2022-03-17 19:50,83.55,33740.0
1231,2022-03-17 19:55,83.49,27284.0
1232,2022-03-17 20:00,83.49,23347.0
1233,2022-03-17 20:05,83.53,28801.0
1234,2022-03-17 20:10,83.52,42067.0
1235,2022-03-17 20:15,83.485,27836.0
1236,2022-03-17 20:20,83.46,30505.0
1237,2022-03-17 20:25,83.49,22372.0
1238,2022-03-17 20:30,83.46,50646.0
1239,2022-03-17 20:35,83.405,35953.0
1240,2022-03-17 20:40,83.49,48691.0
1241,2022-03-17 20:45,83.53,56145.0
1242,2022-03-17 20:50,83.61,142887.0
1243,2022-03-17 20:55,83.7,246897.0
1244,2022-03-17 21:00,83.78,61195.0
1245,2022-03-17 21:30,83.86,282.0
1246,2022-03-17 21:40,84.5,100.0
1247,2022-03-17 21:45,83.36,103.0
1248,2022-03-17 22:55,83.73,200.0
1249,2022-03-17 23:20,83.8,600.0
1250,2022-03-18 13:00,83.02,574.0
1251,2022-03-18 13:55,83.8,239.0
1252,2022-03-18 14:25,83.62,885.0
1253,2022-03-18 14:30,83.71,535420.0
1254,2022-03-18 14:35,83.32,40128.0
1255,2022-03-18 14:40,83.385,23659.0
1256,2022-03-18 14:45,83.33,39091.0
1257,2022-03-18 14:50,83.21,29806.0
1258,2022-03-18 14:55,83.22,42887.0
1259,2022-03-18 15:00,83.06,96754.0
1260,2022-03-18 15:05,82.95,51997.0
1261,2022-03-18 15:10,83.25,45331.0
1262,2022-03-18 15:15,82.745,69072.0
1263,2022-03-18 15:20,82.34,62606.0
1264,2022-03-18 15:25,82.38,68369.0
1265,2022-03-18 15:30,82.74,26095.0
1266,2022-03-18 15:35,83.0391,27876.0
1267,2022-03-18 15:40,82.94,20453.0
1268,2022-03-18 15:45,83.11,21728.0
1269,2022-03-18 15:50,83.09,27500.0
1270,2022-03-18 15:55,83.03,54098.0
1271,2022-03-18 16:00,83.1,32721.0
1272,2022-03-18 16:05,83.11,12396.0
1273,2022-03-18 16:10,83.1,53053.0
1274,2022-03-18 16:15,83.118,23315.0
1275,2022-03-18 16:20,83.11,73543.0
1276,2022-03-18 16:25,83.17,10026.0
1277,2022-03-18 16:30,83.3,16515.0
1278,2022-03-18 16:35,83.33,28183.0
1279,2022-03-18 16:40,83.2,10199.0
1280,2022-03-18 16:45,83.24,22523.0
1281,2022-03-18 16:50,83.29,22591.0
1282,2022-03-18 16:55,83.14,18995.0
1283,2022-03-18 17:00,83.24,17756.0
1284,2022-03-18 17:05,83.27,30901.0
1285,2022-03-18 17:10,83.35,13794.0
1286,2022-03-18 17:15,83.405,13383.0
1287,2022-03-18 17:20,83.32,14841.0
1288,2022-03-18 17:25,83.32,10792.0
1289,2022-03-18 17:30,83.34,29637.0
1290,2022-03-18 17:35,83.39,9593.0
1291,2022-03-18 17:40,83.32,20138.0
1292,2022-03-18 17:45,83.3956,14635.0
1293,2022-03-18 17:50,83.33,21682.0
1294,2022-03-18 17:55,83.33,17153.0
1295,2022-03-18 18:00,83.35,22979.0
1296,2022-03-18 18:05,83.17,29383.0
1297,2022-03-18 18:10,83.3,23304.0
1298,2022-03-18 18:15,83.43,13677.0
1299,2022-03-18 18:20,83.49,12992.0
1300,2022-03-18 18:25,83.45,12363.0
1301,2022-03-18 18:30,83.5,25512.0
1302,2022-03-18 18:35,83.52,13295.0
1303,2022-03-18 18:40,83.46,20797.0
1304,2022-03-18 18:45,83.45,18122.0
1305,2022-03-18 18:50,83.46,27139.0
1306,2022-03-18 18:55,83.445,50086.0
1307,2022-03-18 19:00,83.26,29959.0
1308,2022-03-18 19:05,83.285,38076.0
1309,2022-03-18 19:10,83.3,14784.0
1310,2022-03-18 19:15,83.28,17187.0
1311,2022-03-18 19:20,83.36,17669.0
1312,2022-03-18 19:25,83.44,44242.0
1313,2022-03-18 19:30,83.415,22097.0
1314,2022-03-18 19:35,83.42,23673.0
1315,2022-03-18 19:40,83.469,34186.0
1316,2022-03-18 19:45,83.445,23818.0
1317,2022-03-18 19:50,83.49,30599.0
1318,2022-03-18 19:55,83.5,60003.0
1319,2022-03-18 20:00,83.4,33098.0
1320,2022-03-18 20:05,83.44,23833.0
1321,2022-03-18 20:10,83.451,40845.0
1322,2022-03-18 20:15,83.57,23199.0
1323,2022-03-18 20:20,83.6183,85977.0
1324,2022-03-18 20:25,83.74,38681.0
1325,2022-03-18 20:30,83.74,51039.0
1326,2022-03-18 20:35,83.755,65919.0
1327,2022-03-18 20:40,83.73,80175.0
1328,2022-03-18 20:45,83.86,90479.0
1329,2022-03-18 20:50,83.85,162786.0
1330,2022-03-18 20:55,83.96,321228.0
1331,2022-03-18 21:00,83.98,959615.0
1332,2022-03-18 21:05,83.98,78091.0
1333,2022-03-18 21:25,83.98,90100.0
1334,2022-03-18 21:45,84.11,398.0
1335,2022-03-19 00:50,83.79,200.0
1336,2022-03-21 12:00,84.5,1227.0
1337,2022-03-21 12:40,84.99,1378.0
1338,2022-03-21 12:45,85.09,2054.0
1339,2022-03-21 13:05,85.28,1123.0
1340,2022-03-21 13:30,84.5,2492.0
1341,2022-03-21 14:20,85.05,301.0
1342,2022-03-21 14:25,85.17,2679.0
1343,2022-03-21 14:30,85.33,200772.0
1344,2022-03-21 14:35,86.36,124445.0
1345,2022-03-21 14:40,86.45,72055.0
1346,2022-03-21 14:45,86.36,86103.0
1347,2022-03-21 14:50,86.85,131114.0
1348,2022-03-21 14:55,87.13,72164.0
1349,2022-03-21 15:00,86.89,74852.0
1350,2022-03-21 15:05,87.25,61424.0
1351,2022-03-21 15:10,87.45,136015.0
1352,2022-03-21 15:15,87.28,37382.0
1353,2022-03-21 15:20,86.92,77212.0
1354,2022-03-21 15:25,86.47,72147.0
1355,2022-03-21 15:30,86.28,72817.0
1356,2022-03-21 15:35,86.06,89065.0
1357,2022-03-21 15:40,86.18,57661.0
1358,2022-03-21 15:45,86.1,44678.0
1359,2022-03-21 15:50,86.0,41448.0
1360,2022-03-21 15:55,86.155,49825.0
1361,2022-03-21 16:00,86.14,33169.0
1362,2022-03-21 16:05,86.475,27838.0
1363,2022-03-21 16:10,86.31,39678.0
1364,2022-03-21 16:15,86.18,78814.0
1365,2022-03-21 16:20,86.24,31265.0
1366,2022-03-21 16:25,86.19,79083.0
1367,2022-03-21 16:30,86.13,67703.0
1368,2022-03-21 16:35,86.39,50988.0
1369,2022-03-21 16:40,86.5405,35152.0
1370,2022-03-21 16:45,86.451,26448.0
1371,2022-03-21 16:50,86.51,28973.0
1372,2022-03-21 16:55,86.55,21303.0
1373,2022-03-21 17:00,86.62,36390.0
1374,2022-03-21 17:05,86.69,16822.0
1375,2022-03-21 17:10,86.67,18401.0
1376,2022-03-21 17:15,86.65,18141.0
1377,2022-03-21 17:20,86.76,21145.0
1378,2022-03-21 17:25,86.63,19284.0
1379,2022-03-21 17:30,86.77,29729.0
1380,2022-03-21 17:35,86.72,27249.0
1381,2022-03-21 17:40,86.59,39745.0
1382,2022-03-21 17:45,86.76,20194.0
1383,2022-03-21 17:50,86.62,38659.0
1384,2022-03-21 17:55,86.36,32266.0
1385,2022-03-21 18:00,86.45,16311.0
1386,2022-03-21 18:05,86.27,76681.0
1387,2022-03-21 18:10,86.2434,57545.0
1388,2022-03-21 18:15,86.34,61954.0
1389,2022-03-21 18:20,86.53,57589.0
1390,2022-03-21 18:25,86.758,36279.0
1391,2022-03-21 18:30,86.75,42482.0
1392,2022-03-21 18:35,86.77,28546.0
1393,2022-03-21 18:40,86.865,33108.0
1394,2022-03-21 18:45,86.87,24552.0
1395,2022-03-21 18:50,86.85,18046.0
1396,2022-03-21 18:55,86.885,51516.0
1397,2022-03-21 19:00,86.8,25226.0
1398,2022-03-21 19:05,86.7427,24769.0
1399,2022-03-21 19:10,86.575,19375.0
1400,2022-03-21 19:15,86.4,17400.0
1401,2022-03-21 19:20,86.48,23656.0
1402,2022-03-21 19:25,86.48,34885.0
1403,2022-03-21 19:30,86.35,24550.0
1404,2022-03-21 19:35,86.47,16705.0
1405,2022-03-21 19:40,86.7,31649.0
1406,2022-03-21 19:45,86.76,29059.0
1407,2022-03-21 19:50,86.805,30841.0
1408,2022-03-21 19:55,86.705,21218.0
1409,2022-03-21 20:00,86.54,30321.0
1410,2022-03-21 20:05,86.62,32639.0
1411,2022-03-21 20:10,86.8397,28088.0
1412,2022-03-21 20:15,86.93,34577.0
1413,2022-03-21 20:20,86.93,34591.0
1414,2022-03-21 20:25,86.96,25661.0
1415,2022-03-21 20:30,86.99,45332.0
1416,2022-03-21 20:35,86.94,64508.0
1417,2022-03-21 20:40,87.0,107132.0
1418,2022-03-21 20:45,86.977,174488.0
1419,2022-03-21 20:50,86.92,148411.0
1420,2022-03-21 20:55,87.07,218323.0
1421,2022-03-21 21:00,87.16,47449.0
1422,2022-03-21 21:15,87.16,26860.0
1423,2022-03-21 21:25,87.1301,103.0
1424,2022-03-21 21:40,87.13,111.0
1425,2022-03-21 22:05,87.3,102.0
1426,2022-03-21 22:10,87.37,250.0
1427,2022-03-22 00:40,87.49,300.0
1428,2022-03-22 09:35,87.89,455.0
1429,2022-03-22 09:45,87.89,874.0
1430,2022-03-22 12:00,87.8,126.0
1431,2022-03-22 12:15,87.7,208.0
1432,2022-03-22 13:00,87.89,1297.0
1433,2022-03-22 13:10,87.8,349.0
1434,2022-03-22 13:15,87.95,300.0
1435,2022-03-22 13:50,87.75,100.0
1436,2022-03-22 14:00,87.75,174.0
1437,2022-03-22 14:15,87.72,400.0
1438,2022-03-22 14:20,87.68,868.0
1439,2022-03-22 14:25,87.7499,1260.0
1440,2022-03-22 14:30,87.5,191509.0
1441,2022-03-22 14:35,86.96,55793.0
1442,2022-03-22 14:40,86.92,39037.0
1443,2022-03-22 14:45,87.02,42493.0
1444,2022-03-22 14:50,87.38,42545.0
1445,2022-03-22 14:55,87.48,34127.0
1446,2022-03-22 15:00,87.47,53331.0
1447,2022-03-22 15:05,86.95,46066.0
1448,2022-03-22 15:10,87.16,27360.0
1449,2022-03-22 15:15,87.3,33608.0
1450,2022-03-22 15:20,87.0,21734.0
1451,2022-03-22 15:25,86.97,26976.0
1452,2022-03-22 15:30,87.13,35044.0
1453,2022-03-22 15:35,87.04,22672.0
1454,2022-03-22 15:40,87.09,36179.0
1455,2022-03-22 15:45,87.02,31830.0
1456,2022-03-22 15:50,86.9,30629.0
1457,2022-03-22 15:55,86.975,26649.0
1458,2022-03-22 16:00,86.85,25006.0
1459,2022-03-22 16:05,86.95,17443.0
1460,2022-03-22 16:10,87.03,26226.0
1461,2022-03-22 16:15,87.0,28879.0
1462,2022-03-22 16:20,86.83,22803.0
1463,2022-03-22 16:25,86.9,24351.0
1464,2022-03-22 16:30,86.81,31575.0
1465,2022-03-22 16:35,86.81,23913.0
1466,2022-03-22 16:40,86.71,33015.0
1467,2022-03-22 16:45,86.67,19343.0
1468,2022-03-22 16:50,86.79,15864.0
1469,2022-03-22 16:55,86.92,18598.0
1470,2022-03-22 17:00,86.98,23500.0
1471,2022-03-22 17:05,86.95,11649.0
1472,2022-03-22 17:10,87.21,12961.0
1473,2022-03-22 17:15,87.305,23712.0
1474,2022-03-22 17:20,87.31,17236.0
1475,2022-03-22 17:25,87.38,34531.0
1476,2022-03-22 17:30,87.27,18390.0
1477,2022-03-22 17:35,87.26,14742.0
1478,2022-03-22 17:40,87.34,19492.0
1479,2022-03-22 17:45,87.29,10195.0
1480,2022-03-22 17:50,87.2149,12266.0
1481,2022-03-22 17:55,87.32,13888.0
1482,2022-03-22 18:00,87.33,11118.0
1483,2022-03-22 18:05,87.29,10048.0
1484,2022-03-22 18:10,87.39,14249.0
1485,2022-03-22 18:15,87.42,12108.0
1486,2022-03-22 18:20,87.375,14361.0
1487,2022-03-22 18:25,87.4,11685.0
1488,2022-03-22 18:30,87.485,16455.0
1489,2022-03-22 18:35,87.68,19589.0
1490,2022-03-22 18:40,87.43,12043.0
1491,2022-03-22 18:45,87.405,10896.0
1492,2022-03-22 18:50,87.3,13021.0
1493,2022-03-22 18:55,87.27,8573.0
1494,2022-03-22 19:00,87.26,23608.0
1495,2022-03-22 19:05,87.46,12943.0
1496,2022-03-22 19:10,87.38,11492.0
1497,2022-03-22 19:15,87.355,15502.0
1498,2022-03-22 19:20,87.35,12089.0
1499,2022-03-22 19:25,87.39,15557.0
1500,2022-03-22 19:30,87.35,10698.0
1501,2022-03-22 19:35,87.4,21871.0
1502,2022-03-22 19:40,87.48,36164.0
1503,2022-03-22 19:45,87.435,47445.0
1504,2022-03-22 19:50,87.52,44234.0
1505,2022-03-22 19:55,87.665,48330.0
1506,2022-03-22 20:00,87.39,13246.0
1507,2022-03-22 20:05,87.419,18127.0
1508,2022-03-22 20:10,87.5001,27036.0
1509,2022-03-22 20:15,87.52,17034.0
1510,2022-03-22 20:20,87.55,44467.0
1511,2022-03-22 20:25,87.67,52153.0
1512,2022-03-22 20:30,87.54,66308.0
1513,2022-03-22 20:35,87.73,35177.0
1514,2022-03-22 20:40,87.63,50119.0
1515,2022-03-22 20:45,87.74,54963.0
1516,2022-03-22 20:50,87.79,57091.0
1517,2022-03-22 20:55,87.62,287677.0
1518,2022-03-22 21:00,87.56,31379.0
1519,2022-03-22 21:05,87.72,53163.0
1520,2022-03-22 21:20,87.8,100.0
1521,2022-03-22 23:15,88.0,3295.0
1522,2022-03-22 23:20,87.99,930.0
1523,2022-03-22 23:25,87.99,381.0
1524,2022-03-22 23:35,88.48,200.0
1525,2022-03-22 23:45,88.4399,178.0
1526,2022-03-22 23:50,88.44,412.0
1527,2022-03-23 00:00,88.39,200.0
1528,2022-03-23 00:15,88.34,100.0
1529,2022-03-23 00:20,88.38,401.0
1530,2022-03-23 00:35,88.34,232.0
1531,2022-03-23 00:45,88.32,344.0
1532,2022-03-23 00:55,88.27,1983.0
1533,2022-03-23 11:20,88.03,368.0
1534,2022-03-23 12:40,88.2,102.0
1535,2022-03-23 12:45,88.25,191.0
1536,2022-03-23 12:55,88.25,112.0
1537,2022-03-23 13:00,88.59,418.0
1538,2022-03-23 13:10,88.4,1710.0
1539,2022-03-23 13:15,88.0,510.0
1540,2022-03-23 13:30,88.2,529.0
1541,2022-03-23 13:40,88.3799,401.0
1542,2022-03-23 13:55,88.2,129.0
1543,2022-03-23 14:00,88.2,104.0
1544,2022-03-23 14:15,88.26,102.0
1545,2022-03-23 14:25,88.36,1349.0
1546,2022-03-23 14:30,88.0,176042.0
1547,2022-03-23 14:35,88.915,121265.0
1548,2022-03-23 14:40,89.445,70941.0
1549,2022-03-23 14:45,89.36,53697.0
1550,2022-03-23 14:50,88.78,58429.0
1551,2022-03-23 14:55,88.6411,90416.0
1552,2022-03-23 15:00,88.73,64095.0
1553,2022-03-23 15:05,88.7699,26815.0
1554,2022-03-23 15:10,88.81,40595.0
1555,2022-03-23 15:15,88.37,39454.0
1556,2022-03-23 15:20,88.19,39033.0
1557,2022-03-23 15:25,88.1,43822.0
1558,2022-03-23 15:30,88.07,12445.0
1559,2022-03-23 15:35,88.08,26476.0
1560,2022-03-23 15:40,88.05,21231.0
1561,2022-03-23 15:45,88.19,30098.0
1562,2022-03-23 15:50,88.12,42383.0
1563,2022-03-23 15:55,88.2,35797.0
1564,2022-03-23 16:00,88.1311,34536.0
1565,2022-03-23 16:05,88.28,18869.0
1566,2022-03-23 16:10,88.04,48967.0
1567,2022-03-23 16:15,87.92,58043.0
1568,2022-03-23 16:20,87.63,50309.0
1569,2022-03-23 16:25,87.54,25131.0
1570,2022-03-23 16:30,87.73,34892.0
1571,2022-03-23 16:35,87.705,21547.0
1572,2022-03-23 16:40,87.665,34780.0
1573,2022-03-23 16:45,87.566,1196585.0
1574,2022-03-23 16:50,87.76,910547.0
1575,2022-03-23 16:55,87.65,155724.0
1576,2022-03-23 17:00,87.45,155262.0
1577,2022-03-23 17:05,87.675,140196.0
1578,2022-03-23 17:10,88.22,42983.0
1579,2022-03-23 17:15,88.165,34668.0
1580,2022-03-23 17:20,88.09,24293.0
1581,2022-03-23 17:25,88.145,27371.0
1582,2022-03-23 17:30,88.25,28905.0
1583,2022-03-23 17:35,88.13,26024.0
1584,2022-03-23 17:40,88.0699,24476.0
1585,2022-03-23 17:45,88.1,28299.0
1586,2022-03-23 17:50,88.05,36358.0
1587,2022-03-23 17:55,88.145,49514.0
1588,2022-03-23 18:00,88.14,70519.0
1589,2022-03-23 18:05,87.94,24252.0
1590,2022-03-23 18:10,87.97,23774.0
1591,2022-03-23 18:15,88.03,19397.0
1592,2022-03-23 18:20,88.04,22053.0
1593,2022-03-23 18:25,88.14,23311.0
1594,2022-03-23 18:30,88.16,13990.0
1595,2022-03-23 18:35,88.1,10663.0
1596,2022-03-23 18:40,88.08,22370.0
1597,2022-03-23 18:45,88.1,14282.0
1598,2022-03-23 18:50,88.13,35690.0
1599,2022-03-23 18:55,88.25,56105.0
1600,2022-03-23 19:00,88.23,73475.0
1601,2022-03-23 19:05,88.365,26101.0
1602,2022-03-23 19:10,88.23,19917.0
1603,2022-03-23 19:15,88.4,31107.0
1604,2022-03-23 19:20,88.37,40828.0
1605,2022-03-23 19:25,88.315,79838.0
1606,2022-03-23 19:30,88.315,33794.0
1607,2022-03-23 19:35,88.3,31771.0
1608,2022-03-23 19:40,88.3,42847.0
1609,2022-03-23 19:45,88.52,23453.0
1610,2022-03-23 19:50,88.46,21034.0
1611,2022-03-23 19:55,88.5541,686244.0
1612,2022-03-23 20:00,88.7,33912.0
1613,2022-03-23 20:05,88.81,44931.0
1614,2022-03-23 20:10,89.02,47970.0
1615,2022-03-23 20:15,89.07,59288.0
1616,2022-03-23 20:20,89.12,36866.0
1617,2022-03-23 20:25,89.27,49999.0
1618,2022-03-23 20:30,89.35,78521.0
1619,2022-03-23 20:35,89.19,57100.0
1620,2022-03-23 20:40,89.04,68003.0
1621,2022-03-23 20:45,88.987,79774.0
1622,2022-03-23 20:50,89.0,116820.0
1623,2022-03-23 20:55,88.96,304906.0
1624,2022-03-23 21:00,89.09,164650.0
1625,2022-03-23 21:05,89.11,406.0
1626,2022-03-23 21:10,89.07,228.0
1627,2022-03-23 21:25,89.07,100.0
1628,2022-03-23 21:30,88.98,345.0
1629,2022-03-23 21:35,89.07,125.0
1630,2022-03-23 21:40,88.99,125.0
1631,2022-03-23 22:05,89.07,240.0
1632,2022-03-23 22:20,89.07,100.0
1633,2022-03-23 22:50,89.07,676.0
1634,2022-03-24 00:15,89.42,1400.0
1635,2022-03-24 00:50,89.5,1168.0
1636,2022-03-24 11:30,89.9,161.0
1637,2022-03-24 11:40,89.88,101.0
1638,2022-03-24 12:25,89.8,410.0
1639,2022-03-24 12:35,89.85,667.0
1640,2022-03-24 12:40,89.98,600.0
1641,2022-03-24 13:00,90.139,38436.0
1642,2022-03-24 13:05,90.05,438.0
1643,2022-03-24 13:15,90.0,1387.0
1644,2022-03-24 13:20,89.98,896.0
1645,2022-03-24 13:25,90.0,1371.0
1646,2022-03-24 13:40,90.01,1810.0
1647,2022-03-24 13:45,90.0,1073.0
1648,2022-03-24 13:50,90.04,2834.0
1649,2022-03-24 14:00,90.14,500.0
1650,2022-03-24 14:25,90.0,2038.0
1651,2022-03-24 14:30,89.5,170389.0
1652,2022-03-24 14:35,89.5,72986.0
1653,2022-03-24 14:40,89.75,29176.0
1654,2022-03-24 14:45,89.62,221816.0
1655,2022-03-24 14:50,89.9,62390.0
1656,2022-03-24 14:55,89.89,84935.0
1657,2022-03-24 15:00,90.17,77776.0
1658,2022-03-24 15:05,90.19,85588.0
1659,2022-03-24 15:10,90.42,94318.0
1660,2022-03-24 15:15,90.29,81217.0
1661,2022-03-24 15:20,90.545,44836.0
1662,2022-03-24 15:25,90.469,40270.0
1663,2022-03-24 15:30,90.365,50904.0
1664,2022-03-24 15:35,90.29,55896.0
1665,2022-03-24 15:40,90.21,55835.0
1666,2022-03-24 15:45,90.425,47950.0
1667,2022-03-24 15:50,90.55,67986.0
1668,2022-03-24 15:55,90.54,48076.0
1669,2022-03-24 16:00,90.74,64987.0
1670,2022-03-24 16:05,90.73,38184.0
1671,2022-03-24 16:10,90.905,85036.0
1672,2022-03-24 16:15,91.086,49397.0
1673,2022-03-24 16:20,90.99,46658.0
1674,2022-03-24 16:25,90.99,45610.0
1675,2022-03-24 16:30,91.03,42360.0
1676,2022-03-24 16:35,90.66,34417.0
1677,2022-03-24 16:40,90.67,41279.0
1678,2022-03-24 16:45,90.57,58860.0
1679,2022-03-24 16:50,90.55,43823.0
1680,2022-03-24 16:55,90.42,37906.0
1681,2022-03-24 17:00,90.585,40782.0
1682,2022-03-24 17:05,90.37,25748.0
1683,2022-03-24 17:10,90.215,46498.0
1684,2022-03-24 17:15,89.91,159009.0
1685,2022-03-24 17:20,89.985,64564.0
1686,2022-03-24 17:25,90.02,42332.0
1687,2022-03-24 17:30,89.96,32421.0
1688,2022-03-24 17:35,89.86,45136.0
1689,2022-03-24 17:40,89.72,35594.0
1690,2022-03-24 17:45,89.97,21187.0
1691,2022-03-24 17:50,90.05,30828.0
1692,2022-03-24 17:55,90.1201,20629.0
1693,2022-03-24 18:00,90.24,22734.0
1694,2022-03-24 18:05,90.19,30067.0
1695,2022-03-24 18:10,90.2,12082.0
1696,2022-03-24 18:15,90.2,17091.0
1697,2022-03-24 18:20,90.22,16044.0
1698,2022-03-24 18:25,90.39,29856.0
1699,2022-03-24 18:30,90.38,49653.0
1700,2022-03-24 18:35,90.2,27923.0
1701,2022-03-24 18:40,90.1599,26598.0
1702,2022-03-24 18:45,90.25,32565.0
1703,2022-03-24 18:50,90.4499,58569.0
1704,2022-03-24 18:55,90.365,97837.0
1705,2022-03-24 19:00,90.03,150540.0
1706,2022-03-24 19:05,90.17,27712.0
1707,2022-03-24 19:10,90.13,28523.0
1708,2022-03-24 19:15,90.2219,22225.0
1709,2022-03-24 19:20,90.2,20068.0
1710,2022-03-24 19:25,90.189,32323.0
1711,2022-03-24 19:30,90.08,20065.0
1712,2022-03-24 19:35,90.15,27724.0
1713,2022-03-24 19:40,90.29,23590.0
1714,2022-03-24 19:45,90.2,27131.0
1715,2022-03-24 19:50,90.25,25482.0
1716,2022-03-24 19:55,90.19,31031.0
1717,2022-03-24 20:00,90.15,29363.0
1718,2022-03-24 20:05,90.24,33296.0
1719,2022-03-24 20:10,90.27,26268.0
1720,2022-03-24 20:15,90.29,54491.0
1721,2022-03-24 20:20,90.27,71990.0
1722,2022-03-24 20:25,90.28,60878.0
1723,2022-03-24 20:30,90.36,42373.0
1724,2022-03-24 20:35,90.33,92063.0
1725,2022-03-24 20:40,90.13,73687.0
1726,2022-03-24 20:45,90.23,121326.0
1727,2022-03-24 20:50,90.23,143656.0
1728,2022-03-24 20:55,90.34,407841.0
1729,2022-03-24 21:00,90.43,97259.0
1730,2022-03-24 22:20,90.87,736.0
1731,2022-03-24 22:30,90.51,100.0
1732,2022-03-24 22:45,90.6,400.0
1733,2022-03-24 23:00,90.74,402.0
1734,2022-03-24 23:05,90.8,148.0
1735,2022-03-24 23:10,90.51,491.0
1736,2022-03-24 23:15,90.25,5654.0
1737,2022-03-24 23:40,90.24,995.0
1738,2022-03-24 23:45,90.41,245.0
1739,2022-03-25 00:45,90.43,153.0
